,title,userscore,release
0,Maid: Season 1,7.5,"October 1, 2021"
1,PEN15: Season 1,6.9,"February 8, 2019"
2,The Walking Dead: Season 3,7.6,"October 14, 2012"
3,Boardwalk Empire: Season 2,8.5,"September 25, 2011"
4,The Night Manager: Season 1,7.7,"April 19, 2016"
5,Beartown,6.1,"February 22, 2021"
6,Law & Order: UK: Season 1,7.2,"February 23, 2009"
7,The Tourist: Season 1,7.4,"March 3, 2022"
8,Bates Motel: Season 5,8.1,"February 20, 2017"
9,Cheer (2020): Season 2,tbd,"January 12, 2022"
10,FEUD: Season 1,8.7,"March 5, 2017"
11,Jesus Christ Superstar Live in Concert,5.0,"April 1, 2018"
12,Reaper: Season 1,8.6,"September 25, 2007"
13,Alias Grace: Season 1,7.1,"September 25, 2017"
14,The End of the F***ing World: Season 1,8.0,"October 24, 2017"
15,Bobby Fischer Against The World,6.8,"June 6, 2011"
16,The Crown: Season 1,8.5,"November 4, 2016"
17,Little Dorrit: Season 1,8.4,"October 26, 2008"
18,Burton and Taylor,7.3,"October 16, 2013"
19,The Nine: Season 1,7.8,"October 4, 2006"
20,Mare of Easttown: Season 1,8.4,"April 18, 2021"
21,Mr. Robot: Season 2,8.1,"July 13, 2016"
22,Vikings: Season 3,7.1,"February 19, 2015"
23,Extras: Season 1,8.5,"July 21, 2005"
24,Dickinson: Season 2,4.8,"January 8, 2021"
25,Unforgotten: Season 4,7.0,"July 11, 2021"
26,Marvel's Jessica Jones: Season 1,8.1,"November 20, 2015"
27,State of the Union: Season 1,7.5,"September 8, 2019"
28,Toy Story That Time Forgot,7.8,"December 2, 2014"
29,The Loving Story,tbd,"February 14, 2012"
30,A Raisin in the Sun,7.6,"February 25, 2008"
31,Elizabeth I: Season 1,8.1,"April 22, 2006"
32,Brooklyn Nine-Nine: Season 6,7.4,"January 10, 2019"
33,GLOW: Season 1,8.0,"June 23, 2017"
34,Curb Your Enthusiasm: Season 7,8.6,"September 20, 2009"
35,The Adam Carolla Project: Season 7,7.6,"September 30, 2012"
36,Orange is the New Black: Season 7,7.7,"July 26, 2019"
37,Search Party (2016): Season 1,7.8,"November 21, 2016"
38,Cheer (2020): Season 1,7.8,"January 8, 2020"
39,Damages: Season 3,8.9,"January 25, 2010"
40,Torchwood (UK): Season 3,7.9,"July 6, 2009"
41,Gilmore Girls: Season 1,8.5,"October 5, 2000"
42,Sons of Anarchy: Season 4,7.8,"September 6, 2011"
43,The Hour (UK): Season 1,7.9,"July 19, 2011"
44,Damages: Season 2,8.7,"January 7, 2009"
45,Survivor's Remorse: Season 1,7.6,"October 4, 2014"
46,Central Park: Season 1,7.0,"May 29, 2020"
47,Years of Living Dangerously: Season 1,7.1,"April 13, 2014"
48,Veronica Mars: Season 1,8.6,"September 22, 2004"
49,Lemony Snicket's A Series of Unfortunate Events (2017): Season 1,8.0,"January 13, 2017"
50,Dharma & Greg: Season 1,7.5,"September 24, 1997"
51,Station Eleven: Season 1,6.2,"December 16, 2021"
52,Five Came Back: Season 1,7.2,"March 31, 2017"
53,High Maintenance (2016): Season 1,6.1,"September 16, 2016"
54,David Makes Man: Season 1,6.8,"August 14, 2019"
55,All The President's Men Revisited,tbd,"April 21, 2013"
56,Call The Midwife: Season 1,8.3,"January 15, 2012"
57,Tuca & Bertie: Season 1,7.0,"May 3, 2019"
58,The Leftovers: Season 2,9.1,"October 4, 2015"
59,Country Music,7.5,"September 15, 2019"
60,The Boys: Season 2,6.7,"September 4, 2020"
61,Patrick Melrose: Season 1,6.0,"May 12, 2018"
62,Treme: Season 4,7.6,"December 1, 2013"
63,Project Runway: Season 6,6.6,"August 20, 2009"
64,Curb Your Enthusiasm: Season 1,8.5,"October 15, 2000"
65,Justified: Season 1,9.1,"March 16, 2010"
66,Generation Kill: Season 1,8.7,"July 13, 2008"
67,Deadwood: Season 1,9.2,"March 21, 2004"
68,GLOW: Season 3,7.1,"August 9, 2019"
69,Insecure: Season 5,7.0,"October 24, 2021"
70,Atlanta's Missing and Murdered: The Lost Children: Season 1,7.7,"April 5, 2020"
71,Buffy the Vampire Slayer: Season 1,8.2,"March 10, 1997"
72,Southland: Season 3,8.6,"January 4, 2011"
73,Better Things: Season 1,7.8,"September 8, 2016"
74,The Long Road Home: Season 1,4.7,"November 7, 2017"
75,Never Have I Ever: Season 1,7.3,"April 27, 2020"
76,Manhattan: Season 2,8.4,"October 13, 2015"
77,Torchwood (UK): Season 2,7.8,"January 16, 2008"
78,From the Earth to the Moon: Season 1,6.5,"April 5, 1998"
79,Lupin: Season 2,6.0,"June 11, 2021"
80,The Good Fight: Season 1,7.3,"February 19, 2017"
81,Jane the Virgin: Season 1,7.9,"October 13, 2014"
82,Five Days: Season 1,7.2,"January 23, 2007"
83,Community: Season 5,8.8,"January 2, 2014"
84,"I Love You, Now Die: The Commonwealth v. Michelle Carter",8.3,"July 9, 2019"
85,Project Greenlight: Season 4,7.2,"September 13, 2015"
86,The Ghost Army,tbd,"May 21, 2013"
87,Endeavour: Season 1,8.1,"April 14, 2013"
88,Circus: Season 1,4.7,"November 3, 2010"
89,Dream On: Season 1,tbd,"July 8, 1990"
90,The Wonder Years: Season 1,8.1,"January 31, 1988"
91,Narcos: Mexico: Season 1,8.1,"November 1, 2018"
92,The Walking Dead: Season 5,7.1,"October 12, 2014"
93,The Newspaperman: The Life and Times of Ben Bradlee,3.5,"December 4, 2017"
94,The Walking Dead: Season 2,7.1,"October 16, 2011"
95,Frasier: Season 1,8.3,"September 16, 1993"
96,Game of Thrones: Season 1,9.1,"April 17, 2011"
97,Never Have I Ever: Season 2,6.8,"July 15, 2021"
98,Girls5eva: Season 1,6.5,"May 6, 2021"
99,Northern Exposure: Season 1,7.2,"July 12, 1990"
100,The Challenger Disaster: Season 1,8.3,"November 16, 2013"
101,Doctor Who: Season 8,7.1,"August 23, 2014"
102,ER: Season 1,8.3,"September 19, 1994"
103,Flight of the Conchords: Season 2,7.3,"January 18, 2009"
104,The Marvelous Mrs. Maisel: Season 1,8.1,"March 16, 2017"
105,House of Cards (2013): Season 2,8.7,"February 14, 2014"
106,What We Do in the Shadows (2019): Season 1,8.3,"March 27, 2019"
107,The Carmichael Show: Season 2,7.1,"March 9, 2016"
108,The Other Two: Season 1,8.1,"January 24, 2019"
109,Les Miserables (2019),6.9,"April 14, 2019"
110,Orange is the New Black: Season 1,8.4,"July 11, 2013"
111,Orphan Black: Season 2,7.6,"April 19, 2014"
112,Desperate Housewives: Season 1,8.7,"October 3, 2004"
113,Speechless (2016): Season 1,7.0,"September 21, 2016"
114,The Wrong Mans: Season 1,8.5,"September 24, 2013"
115,Agatha Christie’s The Witness for the Prosecution,6.7,"January 30, 2017"
116,Amend: The Fight for America: Season 1,2.6,"February 17, 2021"
117,Sex Education: Season 1,8.0,"January 11, 2019"
118,The Queen's Gambit: Season 1,8.5,"October 23, 2020"
119,Star Wars: Visions: Season 1,6.3,"September 22, 2021"
120,Nip/Tuck: Season 5,7.9,"October 30, 2007"
121,Swagger: Season 1,6.5,"October 29, 2021"
122,Toy Story of Terror,8.1,"October 16, 2013"
123,Seinfeld: Season 1,9.0,"July 5, 1989"
124,Scrubs: Season 1,8.8,"October 2, 2001"
125,Party of Five: Season 1,9.3,"September 12, 1994"
126,United States of Tara: Season 2,7.4,"March 22, 2010"
127,Sense and Sensibility: Season 1,6.6,"February 1, 1981"
128,Mr. Dynamite: The Rise of James Brown,7.0,"October 27, 2014"
129,True Blood: Season 3,7.6,"June 13, 2010"
130,Now and Again: Season 1,tbd,"September 24, 1999"
131,Agents of Chaos: Season 1,3.9,"September 23, 2020"
132,Lovecraft Country: Season 1,5.7,"August 16, 2020"
133,Gavin and Stacey: Season 1,8.0,"May 13, 2007"
134,Landscapers: Season 1,7.5,"December 6, 2021"
135,Brockmire: Season 1,7.2,"April 5, 2017"
136,24: Season 6,8.0,"January 14, 2007"
137,Pose: Season 2,7.7,"June 11, 2019"
138,Lights Out: Season 1,8.1,"January 11, 2011"
139,Witness: Season 1,7.3,"November 5, 2012"
140,The Wire: Season 1,9.3,"June 2, 2002"
141,One Day at a Time (2017): Season 1,7.6,"January 6, 2017"
142,Bodyguard: Season 1,7.2,"August 26, 2018"
143,Smash: Season 1,7.1,"February 6, 2012"
144,Everything's Gonna Be Okay: Season 1,tbd,"January 16, 2020"
145,The Hour (UK): Season 2,7.8,"November 14, 2012"
146,Black Lightning: Season 1,5.3,"January 16, 2018"
147,This American Life: Season 1,7.9,"March 22, 2007"
148,Stephen King's It: Season 1,7.8,"November 18, 1990"
149,Damages: Season 5,8.2,"July 11, 2012"
150,24: Season 4,8.8,"January 9, 2005"
151,Being Human (UK): Season 1,7.6,"January 25, 2009"
152,Unbreakable Kimmy Schmidt: Kimmy Vs. The Reverend,6.7,"May 12, 2020"
153,South Side: Season 1,tbd,"July 24, 2019"
154,Spotless: Season 1,7.6,"November 14, 2015"
155,Queer Eye (2018): Season 2,6.5,"June 15, 2018"
156,Life on Mars (UK): Season 1,9.0,"January 9, 2006"
157,What We Do in the Shadows (2019): Season 2,8.9,"April 15, 2020"
158,Parenthood (1990): Season 1,tbd,"August 20, 1990"
159,Big Love: Season 3,6.7,"January 18, 2009"
160,White Collar: Season 1,8.9,"October 23, 2009"
161,Marvel's Luke Cage: Season 1,8.0,"September 30, 2016"
162,Life on Mars (UK): Season 2,8.6,"February 13, 2007"
163,The Carmichael Show: Season 3,6.8,"May 31, 2017"
164,Girls: Season 6,6.0,"February 12, 2017"
165,Mr. Robot: Season 1,8.7,"May 27, 2015"
166,The Walking Dead: Season 6,6.5,"October 11, 2015"
167,The West Wing: Season 1,8.1,"September 22, 1999"
168,The Haunting of Hill House: Season 1,8.0,"October 12, 2018"
169,Anne with an E: Season 1,7.9,"May 12, 2017"
170,Deutschland 83: Season 1,8.4,"June 17, 2015"
171,Wild Wild Country: Season 1,7.5,"March 16, 2018"
172,Nurse Jackie: Season 3,7.1,"March 28, 2011"
173,Joan of Arcadia: Season 1,tbd,"September 26, 2003"
174,Mindhunter: Season 1,8.4,"October 13, 2017"
175,Togetherness: Season 1,7.5,"January 11, 2015"
176,Euphoria Special Episode Part 2: Jules,7.4,"January 24, 2021"
177,Vietnam in HD: Season 1,8.7,"November 8, 2011"
178,Roseanne: Season 1,7.5,"October 18, 1988"
179,The Girlfriend Experience: Season 1,7.7,"April 10, 2016"
180,The Game (2014): Season 1,7.6,"November 5, 2014"
181,Crazy Ex-Girlfriend: Season 1,7.9,"October 12, 2015"
182,Doctor Who: Season 11,2.4,"October 7, 2018"
183,Escape At Dannemora: Season 1,7.8,"November 18, 2018"
184,Archer: Season 1,9.0,"September 17, 2009"
185,Boss: Season 1,8.1,"October 21, 2011"
186,The Keepers: Season 1,7.8,"May 19, 2017"
187,Yellowjackets: Season 1,7.5,"November 14, 2021"
188,"Dr. Katz, Professional Therapist: Season 1",tbd,"May 28, 1995"
189,Abbott Elementary: Season 1,5.6,"December 7, 2021"
190,Unbreakable Kimmy Schmidt: Season 3,7.1,"May 19, 2017"
191,Starstruck (2021): Season 1,7.1,"June 10, 2021"
192,Gideon's Crossing: Season 1,tbd,"October 10, 2000"
193,Project Runway: Season 4,7.2,"November 14, 2007"
194,Search Party (2016): Season 3,8.0,"June 25, 2020"
195,John McCain: For Whom the Bell Tolls,5.6,"May 28, 2018"
196,Weeds: Season 2,8.1,"August 14, 2006"
197,Chris Rock: Tamborine,4.4,"February 14, 2018"
198,Better Call Saul: Season 1,8.6,"February 8, 2015"
199,Ozark: Season 4,8.5,"January 21, 2022"
200,Manhattan: Season 1,7.8,"July 27, 2014"
201,Robin Williams: Come Inside My Mind,8.0,"July 16, 2018"
202,Luther: Season 2,6.1,"June 14, 2011"
203,Great Migrations: Season 1,tbd,"November 7, 2010"
204,Push Girls: Season 1,4.6,"June 4, 2012"
205,Narcos: Season 3,8.3,"September 1, 2017"
206,Years and Years: Season 1,7.5,"May 14, 2019"
207,Becoming Chaz: Season 1,6.3,"May 10, 2011"
208,The Adam Carolla Project: Season 3,8.1,"September 28, 2008"
209,Angie Tribeca: Season 1,6.6,"January 25, 2016"
210,Community: Season 6,8.3,"March 17, 2015"
211,Work in Progress: Season 1,4.9,"December 8, 2019"
212,UnReal: Season 1,8.3,"June 1, 2015"
213,Sharp Objects: Season 1,7.0,"July 8, 2018"
214,Dave Chappelle: The Age of Spin,8.4,"March 21, 2017"
215,Cancer: The Emperor of  All Maladies,7.2,"March 30, 2015"
216,Damages: Season 4,7.5,"July 13, 2011"
217,John Adams: Season 1,8.5,"March 16, 2008"
218,Men of a Certain Age: Season 1,8.6,"December 7, 2009"
219,Search Party (2016): Season 2,7.0,"November 19, 2017"
220,The Golden Globe Awards,3.6,"January 7, 2018"
221,Beware The Slenderman,5.5,"January 23, 2017"
222,Project Greenlight: Season 1,8.0,"December 2, 2001"
223,The Last Kingdom: Season 1,8.3,"October 10, 2015"
224,Stranger Things: Season 2,8.2,"October 27, 2017"
225,The Affair: Season 2,7.5,"October 4, 2015"
226,Last Tango in Halifax: Season 1,7.2,"November 20, 2012"
227,Thurgood,tbd,"February 24, 2011"
228,Hopkins: Season 1,8.4,"June 26, 2008"
229,In My Skin: Season 1,5.5,"April 1, 2020"
230,Dear White People (2017): Season 3,5.1,"August 2, 2019"
231,Sweet Tooth: Season 1,6.6,"June 4, 2021"
232,Lost: Season 5,8.6,"January 21, 2009"
233,The Good Place: Season 1,8.1,"September 19, 2016"
234,Friday Night Lights: Season 1,9.1,"October 3, 2006"
235,The Terror: Season 2,6.1,"August 12, 2019"
236,All The Way (2016),7.2,"May 21, 2016"
237,The Flight Attendant: Season 1,6.5,"November 26, 2020"
238,Glee: Season 1,7.7,"May 19, 2009"
239,The Americans: Season 1,8.4,"January 30, 2013"
240,Unbreakable Kimmy Schmidt: Season 1,8.0,"March 6, 2015"
241,A West Wing Special to Benefit When We All Vote,tbd,"October 15, 2020"
242,Tokyo Vice: Season 1,tbd,"April 7, 2022"
243,Horace and Pete: Season 1,8.4,"January 30, 2016"
244,Love Life: Season 2,6.4,"October 28, 2021"
245,Rescue Me: Season 6,6.6,"June 29, 2010"
246,Broken Trail,8.5,"June 24, 2006"
247,This Way Up: Season 1,7.8,"August 8, 2019"
248,YOU: Season 3,7.1,"October 15, 2021"
249,Slow Horses: Season 1,6.8,"April 1, 2022"
250,The Andy Warhol Diaries: Season 1,tbd,"March 9, 2022"
251,American Gods: Season 1,7.4,"April 30, 2017"
252,Penny Dreadful: Season 2,8.5,"May 3, 2015"
253,WandaVision: Season 1,6.5,"January 15, 2021"
254,Appropriate Adult: Season 1,tbd,"September 4, 2011"
255,My Name Is Earl: Season 1,8.7,"September 20, 2005"
256,Grey Gardens,8.6,"April 18, 2009"
257,Sally4Ever: Season 1,6.0,"November 11, 2018"
258,Sneaky Pete: Season 1,7.5,"August 7, 2015"
259,Black-ish: Season 1,6.2,"September 24, 2014"
260,Casual: Season 1,7.7,"October 7, 2015"
261,Narcos: Season 1,8.9,"August 28, 2015"
262,Vikings: Season 2,7.5,"February 27, 2014"
263,Watergate: Season 1,6.6,"November 2, 2018"
264,Roswell: Season 1,7.6,"October 6, 1999"
265,The Adam Carolla Project: Season 1,9.2,"October 1, 2006"
266,Zen: Season 1,7.6,"January 2, 2011"
267,Harlem: Season 1,3.6,"December 3, 2021"
268,Game of Thrones: Season 7,7.8,"July 16, 2017"
269,Amy Schumer: Live at the Apollo,4.8,"October 17, 2015"
270,The Bridge (2013): Season 1,7.8,"July 10, 2013"
271,Life Support,8.3,"March 10, 2007"
272,House: Season 5,8.6,"September 16, 2008"
273,The Great North: Season 1,tbd,"January 3, 2021"
274,Making It: Season 1,6.1,"July 31, 2018"
275,Mad Men: Season 1,8.6,"July 19, 2007"
276,Documentary Now!: Season 1,6.6,"August 20, 2015"
277,One Mississippi: Season 1,6.9,"November 5, 2015"
278,The Book of Negroes: Season 1,6.6,"January 7, 2015"
279,Crossfire Hurricane,tbd,"November 15, 2012"
280,Forever (2018): Season 1,6.3,"September 14, 2018"
281,Love Fraud: Season 1,tbd,"August 30, 2020"
282,We Are Who We Are: Season 1,7.0,"September 14, 2020"
283,An Adventure in Space and Time,7.3,"November 21, 2013"
284,Philly D.A.,tbd,"April 20, 2021"
285,Homeland: Season 3,7.1,"September 29, 2013"
286,Desperate Housewives: Season 5,8.3,"September 28, 2008"
287,Empire (2015): Season 2,5.9,"September 23, 2015"
288,Gentleman Jack: Season 1,7.2,"May 19, 2019"
289,She's Gotta Have It (2017): Season 1,4.4,"November 23, 2017"
290,Foo Fighters: Sonic Highways: Season 1,8.2,"October 17, 2014"
291,Chicago Hope: Season 1,tbd,"September 18, 1994"
292,Betty: Season 1,6.9,"May 1, 2020"
293,Southland: Season 2,8.9,"March 2, 2010"
294,Ozark: Season 3,8.4,"March 27, 2020"
295,Minx: Season 1,7.0,"March 17, 2022"
296,Pretend It's a City,6.1,"January 8, 2021"
297,Boardwalk Empire: Season 4,8.6,"September 8, 2013"
298,Party of Five (2020): Season 1,5.7,"January 8, 2020"
299,The Adam Carolla Project: Season 4,9.0,"September 27, 2009"
300,The Man in the High Castle: Season 1,7.3,"November 20, 2015"
301,The Real World: Season 2,tbd,"June 26, 1993"
302,Julie and the Phantoms: Season 1,8.2,"September 10, 2020"
303,Aliens in America: Season 1,8.0,"October 1, 2007"
304,Homeland: Season 5,7.4,"October 4, 2015"
305,Bosch: Season 2,8.4,"March 11, 2016"
306,W/ Bob & David: Season 1,8.1,"November 13, 2015"
307,This Is Us: Season 1,7.4,"September 20, 2016"
308,House: Season 6,7.6,"September 21, 2009"
309,On Becoming a God in Central Florida: Season 1,7.9,"August 25, 2019"
310,13 Reasons Why: Season 1,7.6,"March 31, 2017"
311,Gomorrah (2016): Season 1,8.2,"August 24, 2016"
312,House of Cards (2013): Season 1,8.9,"February 1, 2013"
313,Doctor Who: Season 5,8.4,"April 3, 2010"
314,The Tenth Inning: Season 1,7.2,"September 28, 2010"
315,Last Week Tonight with John Oliver: Season 1,8.3,"April 27, 2014"
316,Blindspotting: Season 1,5.6,"June 13, 2021"
317,The Terror: Season 1,7.8,"March 26, 2018"
318,Luther: Season 3,5.6,"July 2, 2013"
319,The Defiant Ones (2017),7.8,"July 9, 2017"
320,Manhunt (2013),8.2,"May 1, 2013"
321,Loudermilk: Season 1,6.3,"October 17, 2017"
322,Preacher: Season 2,7.5,"June 25, 2017"
323,Benjamin Franklin: Season 1,tbd,"April 4, 2022"
324,Whitechapel: Season 1,7.6,"February 2, 2009"
325,Counterpart: Season 1,7.4,"December 10, 2017"
326,Servant: Season 2,6.8,"January 15, 2021"
327,Pose: Season 3,6.5,"May 2, 2021"
328,Challenger: The Final Flight,tbd,"September 16, 2020"
329,American Vandal: Season 2,7.9,"September 14, 2018"
330,The Girl From Plainville: Season 1,tbd,"March 29, 2022"
331,The Lady and the Dale: Season 1,5.2,"January 31, 2021"
332,The Vow (2020),5.9,"August 23, 2020"
333,Star Trek: Picard: Season 1,5.9,"January 23, 2020"
334,Evil: Season 1,7.2,"September 26, 2019"
335,Boardwalk Empire: Season 3,8.6,"September 16, 2012"
336,Glee: Season 2,7.5,"September 21, 2010"
337,Westworld: Season 2,7.1,"April 22, 2018"
338,Sherman's Showcase: Season 1,tbd,"July 31, 2019"
339,Rescue Me: Season 7,7.6,"July 13, 2011"
340,LuLaRich: Season 1,tbd,"September 10, 2021"
341,The A Word: Season 1,7.6,"March 22, 2016"
342,Episodes (US): Season 2,8.3,"May 11, 2012"
343,Downton Abbey: Season 6,7.9,"January 3, 2016"
344,Bloodlands: Season 1,tbd,"March 15, 2021"
345,Difficult People: Season 1,6.1,"August 5, 2015"
346,The Birthday Boys: Season 1,5.9,"October 18, 2013"
347,The Jinx: The Life and Deaths of Robert Durst: Season 1,8.2,"February 8, 2015"
348,Girls: Season 3,6.3,"January 12, 2014"
349,The New Edition Story: Season 1,6.5,"January 24, 2017"
350,Murder on Middle Beach,5.8,"November 15, 2020"
351,Single Drunk Female: Season 1,7.6,"January 20, 2022"
352,Annie Live!,1.7,"December 2, 2021"
353,Us: Season 1,tbd,"September 20, 2020"
354,Naomi Osaka: Season 1,2.2,"July 16, 2021"
355,The Wilds: Season 1,7.0,"December 11, 2020"
356,folklore: the long pond studio sessions,8.6,"November 25, 2020"
357,Nurse Jackie: Season 1,7.5,"June 8, 2009"
358,The Missing: Season 2,7.7,"February 12, 2017"
359,The Mandalorian: Season 2,8.0,"October 30, 2020"
360,Nixon by Nixon: In His Own Words,tbd,"August 4, 2014"
361,In The Flesh: Season 1,8.1,"March 17, 2013"
362,Alias: Season 1,8.1,"September 30, 2001"
363,House of Cards (2013): Season 4,8.4,"March 4, 2016"
364,Awkward: Season 2,7.3,"June 28, 2012"
365,The Adam Carolla Project: Season 5,7.2,"September 26, 2010"
366,Saving Grace: Season 2,5.4,"July 14, 2008"
367,Only Murders in the Building: Season 1,8.8,"August 31, 2021"
368,The Pursuit of Love: Season 1,tbd,"July 30, 2021"
369,Trial & Error: Season 2,7.0,"July 19, 2018"
370,Indian Summers: Season 1,5.6,"February 15, 2015"
371,Narcos: Season 2,8.5,"September 2, 2016"
372,Sasquatch: Season 1,6.5,"April 20, 2021"
373,Steel Magnolias,7.1,"October 7, 2012"
374,Stranger Things: Season 1,8.9,"July 15, 2016"
375,Patton Oswalt: I Love Everything,5.8,"May 19, 2020"
376,Law & Order: Season 19,8.5,"November 5, 2008"
377,Maniac (2018): Season 1,7.3,"September 21, 2018"
378,Futurama: Season 10,8.4,"June 19, 2013"
379,House of Cards (2013): Season 3,7.3,"February 27, 2015"
380,Preacher: Season 1,7.8,"May 22, 2016"
381,Huff: Season 1,tbd,"November 7, 2004"
382,Master of None: Season 3,5.4,"May 23, 2021"
383,Queens: Season 1,1.8,"October 19, 2021"
384,Richard Pryor: Omit the Logic,tbd,"May 31, 2013"
385,Fortitude: Season 1,7.2,"January 29, 2015"
386,Guerrilla: Season 1,6.6,"April 16, 2017"
387,Mr Inbetween: Season 1,7.8,"September 25, 2018"
388,Counterpart: Season 2,7.5,"December 9, 2018"
389,For All Mankind: Season 2,6.6,"February 19, 2021"
390,Midnight Mass,8.1,"September 24, 2021"
391,F is for Family: Season 1,7.9,"December 18, 2015"
392,Prey (2016): Season 1,5.4,"February 25, 2016"
393,Girls: Season 4,6.1,"January 11, 2015"
394,Smallville: Season 1,8.1,"October 16, 2001"
395,The Dropout: Season 1,8.3,"March 3, 2022"
396,Hillary: Season 1,1.8,"March 6, 2020"
397,The Chicago Code: Season 1,7.1,"February 7, 2011"
398,Ugly Betty: Season 1,8.3,"September 28, 2006"
399,Raising Hope: Season 1,8.1,"September 21, 2010"
400,Boss: Season 2,8.3,"August 17, 2012"
401,Angel: Season 1,8.5,"October 5, 1999"
402,Damages: Season 1,8.6,"July 24, 2007"
403,Dr. Death: Season 1,6.3,"July 15, 2021"
404,Bill Cosby: Far From Finished,6.4,"November 23, 2013"
405,Betty: Season 2,3.8,"June 11, 2021"
406,Star Trek: Discovery: Season 3,4.6,"October 15, 2020"
407,Hannah Gadsby: Douglas,4.3,"May 26, 2020"
408,ZeroZeroZero: Season 1,7.7,"March 6, 2020"
409,Spectacle: Elvis Costello With...: Season 1,6.5,"December 3, 2008"
410,The Knick: Season 1,8.4,"August 8, 2014"
411,The Wonder Years (2021): Season 1,4.4,"September 22, 2021"
412,Terriers: Season 1,8.6,"September 8, 2010"
413,The Walking Dead: Season 4,6.9,"October 13, 2013"
414,Godless: Season 1,7.0,"November 22, 2017"
415,Queen Sugar: Season 1,5.5,"September 6, 2016"
416,Pose: Season 1,7.8,"June 3, 2018"
417,The Good Wife: Season 1,8.8,"September 22, 2009"
418,Allen v. Farrow: Season 1,4.3,"February 21, 2021"
419,Veronica Mars: Season 4,5.0,"July 19, 2019"
420,Marvel's Daredevil: Season 1,8.5,"October 19, 2018"
421,Bessie: Season 1,6.4,"May 16, 2015"
422,Will & Grace: Season 1,7.6,"September 21, 1998"
423,Fresh Off the Boat: Season 1,7.3,"February 4, 2015"
424,Without a Trace: Season 1,6.0,"September 26, 2002"
425,Luck: Season 1,7.3,"December 11, 2011"
426,Des,7.7,"September 14, 2020"
427,The Marvelous Mrs. Maisel: Season 3,7.0,"December 6, 2019"
428,Corporate: Season 1,6.1,"January 17, 2018"
429,Sarah Silverman: We Are Miracles,5.5,"November 23, 2013"
430,Public Speaking,7.8,"November 22, 2010"
431,The Alzheimer's Project: Season 1,tbd,"May 10, 2009"
432,Burn Notice: Season 2,8.4,"July 10, 2008"
433,House: Season 1,8.8,"November 16, 2004"
434,Downton Abbey: Season 5,7.3,"September 21, 2014"
435,Run (2020): Season 1,6.4,"April 12, 2020"
436,The Little Drummer Girl: Season 1,7.2,"October 28, 2018"
437,Studio 60 on the Sunset Strip: Season 1,8.3,"September 18, 2006"
438,The Conners: Season 1,3.9,"October 16, 2018"
439,Game of Thrones: Season 8,4.1,"April 14, 2019"
440,Dracula (2020): Season 1,6.3,"January 4, 2020"
441,Cougar Town: Season 2,7.6,"September 22, 2010"
442,Restless,6.8,"December 7, 2012"
443,American Vandal: Season 1,8.0,"September 15, 2017"
444,Julia (2022): Season 1,tbd,"March 31, 2022"
445,With Love: Season 1,tbd,"December 17, 2021"
446,Younger: Season 1,7.7,"March 31, 2015"
447,Broad City: Season 1,7.9,"January 22, 2014"
448,This Close: Season 1,6.9,"February 14, 2018"
449,Veep: Season 2,8.3,"April 14, 2013"
450,Quiz,7.8,"May 31, 2020"
451,Grease: Live,7.3,"January 31, 2016"
452,Ray Donovan: Season 1,7.6,"June 30, 2013"
453,Gilmore Girls: Season 8,7.0,"November 25, 2016"
454,Frayed: Season 1,tbd,"September 26, 2019"
455,Jane Eyre,8.6,"September 24, 2006"
456,Vida: Season 1,6.3,"May 6, 2018"
457,The Outlaws: Season 1,tbd,"April 1, 2022"
458,Monk: Season 1,8.4,"July 12, 2002"
459,The Ben Stiller Show: Season 1,tbd,"September 27, 1992"
460,Brotherhood: Season 1,8.0,"July 9, 2006"
461,Lorena: Season 1,5.8,"February 15, 2019"
462,Bridgerton: Season 1,5.9,"December 25, 2020"
463,As You Like It,tbd,"August 21, 2007"
464,Maximum Bob: Season 1,tbd,"August 4, 1998"
465,Framing Britney Spears,8.7,"February 5, 2021"
466,Big Little Lies: Season 1,8.3,"February 19, 2017"
467,Nurse Jackie: Season 2,8.2,"March 22, 2010"
468,Supergirl (2015): Season 1,5.6,"October 26, 2015"
469,Bloodline: Season 1,8.2,"March 20, 2015"
470,Detroiters: Season 1,7.1,"February 7, 2017"
471,Ash Vs. Evil Dead: Season 1,8.9,"October 31, 2015"
472,The Last Days of Ptolemy Grey: Season 1,tbd,"March 11, 2022"
473,The Sinner: Season 2,6.5,"August 1, 2018"
474,Key & Peele: Season 1,6.8,"January 31, 2012"
475,Awake: Season 1,8.3,"March 1, 2012"
476,Cruel Summer: Season 1,6.5,"April 20, 2021"
477,The Real World Homecoming: Season 1,tbd,"March 4, 2021"
478,Fringe: Season 2,8.4,"September 17, 2009"
479,Six Feet Under: Season 1,8.4,"June 3, 2001"
480,Everybody Loves Raymond: Season 1,8.0,"September 13, 1996"
481,The Great: Season 1,7.3,"May 15, 2020"
482,Underground: Season 1,6.5,"March 9, 2016"
483,Shrill: Season 3,tbd,"May 7, 2021"
484,Family Tree: Season 1,7.3,"May 12, 2013"
485,The Practice: Season 1,8.0,"March 4, 1997"
486,Wild Things with Dominic Monaghan: Season 1,8.3,"November 25, 2013"
487,George Harrison: Living in the Material World,7.8,"October 5, 2011"
488,Enlightened: Season 1,7.0,"October 10, 2011"
489,Chuck: Season 2,8.6,"September 29, 2008"
490,Documentary Now!: Season 2,6.1,"September 14, 2016"
491,iZombie: Season 1,8.0,"March 17, 2015"
492,True Blood: Season 5,6.9,"June 10, 2012"
493,The Looming Tower: Season 1,5.7,"February 28, 2018"
494,Star Trek: Deep Space Nine: Season 1,8.5,"January 3, 1993"
495,Marvel's Agents of S.H.I.E.L.D: Season 1,7.0,"September 24, 2013"
496,Awkward: Season 1,7.9,"July 19, 2011"
497,The Blacklist: Season 1,7.8,"September 23, 2013"
498,Homeland: Season 4,7.6,"October 5, 2014"
499,Transparent: Season 4,6.2,"September 22, 2017"
500,Elf: Buddy's Musical Christmas,6.3,"December 16, 2014"
501,The Falcon and the Winter Soldier: Season 1,6.0,"March 19, 2021"
502,Wet Hot American Summer: First Day of Camp: Season 1,6.8,"July 31, 2015"
503,Farscape: Season 1,8.6,"March 18, 1999"
504,Traffic,tbd,"January 26, 2004"
505,Last Resort: Season 1,7.8,"September 27, 2012"
506,Twin Peaks: Season 3,8.6,"May 21, 2017"
507,YOU: Season 2,7.5,"December 26, 2019"
508,The Assassination of Gianni Versace: American Crime Story: Season 1,8.5,"January 17, 2018"
509,"Upstairs, Downstairs: Season 1",7.7,"December 26, 2010"
510,Wishful Drinking,6.2,"December 12, 2010"
511,CSI: Season 9,6.8,"April 16, 2009"
512,The Electric Company: Season 1,7.8,"January 19, 2009"
513,Carrier: Season 1,8.2,"April 27, 2008"
514,Nip/Tuck: Season 4,7.8,"September 5, 2006"
515,Hotel Babylon: Season 1,8.1,"January 19, 2006"
516,World On Fire: Season 1,5.7,"September 29, 2019"
517,Sinatra: All or Nothing at All: Season 1,6.3,"April 5, 2015"
518,Phoenix Rising,tbd,"March 15, 2022"
519,Chuck: Season 1,8.4,"September 24, 2007"
520,Acapulco (2021): Season 1,4.0,"October 8, 2021"
521,The Boys: Season 1,7.7,"July 26, 2019"
522,True Blood: Season 4,7.5,"June 26, 2011"
523,Tiger King: Season 1,7.3,"March 20, 2020"
524,YOU: Season 1,7.2,"September 9, 2018"
525,Klondike (2014): Season 1,6.0,"January 20, 2014"
526,Loki: Season 1,6.6,"June 9, 2021"
527,True Blood: Season 2,8.2,"June 14, 2009"
528,Shrill: Season 1,6.0,"March 15, 2019"
529,Jerry Before Seinfeld,7.0,"September 19, 2017"
530,Curb Your Enthusiasm: Season 9,8.3,"October 1, 2017"
531,Terminator: The Sarah Connor Chronicles: Season 1,7.3,"January 13, 2008"
532,Chilling Adventures of Sabrina: Season 1,6.1,"October 26, 2018"
533,Harlots: Season 1,5.9,"March 29, 2017"
534,Sons of Anarchy: Season 6,7.2,"September 10, 2013"
535,Nip/Tuck: Season 2,8.1,"June 22, 2004"
536,Bunheads: Season 1,7.6,"June 11, 2012"
537,Episodes (US): Season 1,7.6,"January 9, 2011"
538,The North Water: Season 1,tbd,"July 15, 2021"
539,Jerry Seinfeld: 23 Hours to Kill,6.1,"May 5, 2020"
540,Arli$$: Season 1,tbd,"August 10, 1996"
541,The Fourth Estate: Season 1,3.8,"May 27, 2018"
542,Westworld: Season 1,8.8,"October 2, 2016"
543,Starstruck (2021): Season 2,tbd,"March 24, 2022"
544,Cinema Verite,7.3,"April 23, 2011"
545,Storm of the Century,tbd,"February 14, 1999"
546,Game Change,7.3,"March 10, 2012"
547,The Big C: Season 4,7.3,"April 29, 2013"
548,Euphoria: Season 2,7.2,"January 9, 2022"
549,Humans: Season 1,8.2,"June 28, 2015"
550,Elementary: Season 1,7.6,"September 27, 2012"
551,Life On Mars: Season 1,8.4,"October 9, 2008"
552,Breaking Bad: Season 1,9.2,"January 20, 2008"
553,Game of Thrones: Season 6,8.3,"April 24, 2016"
554,I Love Dick: Season 1,6.4,"May 12, 2017"
555,The Big Leap: Season 1,tbd,"September 20, 2021"
556,Dirty John: Season 2,7.8,"June 2, 2020"
557,Mosaic: Season 1,6.1,"January 22, 2018"
558,Hap and Leonard: Season 1,6.9,"March 2, 2016"
559,Torchwood (UK): Season 1,7.9,"October 22, 2006"
560,Murder Among the Mormons: Season 1,6.5,"March 3, 2021"
561,Murder One: Season 2,6.2,"October 10, 1996"
562,Invincible (2021): Season 1,8.4,"March 26, 2021"
563,Crashing: Season 1,7.0,"February 19, 2017"
564,Schmigadoon!: Season 1,6.0,"July 16, 2021"
565,"Andy Barker, P.I.: Season 1",7.9,"March 15, 2007"
566,Thirteen: Season 1,5.8,"June 23, 2016"
567,30 Rock: Season 4,7.7,"October 15, 2009"
568,The Beat: Season 1,tbd,"March 28, 2000"
569,Dare Me: Season 1,4.5,"December 29, 2019"
570,The Flash (2014): Season 1,7.8,"October 7, 2014"
571,The Act: Season 1,7.0,"March 20, 2019"
572,Togetherness: Season 2,8.0,"February 21, 2016"
573,Mythic Quest: Season 2,6.6,"May 7, 2021"
574,Queer Eye (2018): Season 1,6.5,"February 7, 2018"
575,Broadchurch: Season 2,6.9,"March 4, 2015"
576,Arthur & George: Season 1,5.8,"September 6, 2015"
577,Heels: Season 1,6.3,"August 15, 2021"
578,About Face: Supermodels Then and Now: Season 1,tbd,"July 30, 2012"
579,Looking: Season 1,7.9,"January 19, 2014"
580,The Glee Project: Season 1,6.6,"June 12, 2011"
581,Arrow: Season 1,7.9,"October 10, 2012"
582,Orphan Black: Season 1,8.3,"March 30, 2013"
583,Parade's End: Season 1,7.8,"August 24, 2012"
584,The Drowning: Season 1,tbd,"May 6, 2021"
585,A Suitable Boy,tbd,"December 7, 2020"
586,Garfunkel & Oates: Season 1,6.9,"August 7, 2014"
587,The Writers' Room: Season 1,7.3,"July 29, 2013"
588,Mozart in the Jungle: Season 1,8.0,"December 23, 2014"
589,The Chi: Season 1,5.8,"January 7, 2018"
590,The Chair (2021): Season 1,6.9,"August 20, 2021"
591,The Beast Must Die: Season 1,tbd,"July 5, 2021"
592,Shangri-La (2019),5.0,"July 12, 2019"
593,Cucumber: Season 1,6.4,"January 22, 2015"
594,Thorne: Season 1,tbd,"October 10, 2010"
595,The Inbetweeners (UK): Season 1,6.1,"May 1, 2008"
596,Battle Creek: Season 1,7.5,"March 1, 2015"
597,London Spy: Season 1,7.7,"January 21, 2016"
598,The Bletchley Circle: Season 1,8.5,"September 6, 2012"
599,The Middleman: Season 1,8.1,"June 16, 2008"
600,Sleeper Cell: Season 2,5.9,"December 10, 2006"
601,Top Of The Lake: Season 2,6.4,"July 27, 2017"
602,Demi Lovato: Dancing with the Devil: Season 1,8.9,"March 23, 2021"
603,Ray Donovan: Season 2,7.5,"July 13, 2014"
604,Sense8: Season 2,8.4,"December 23, 2016"
605,The Wiz Live!,6.2,"December 3, 2015"
606,Brexit,6.8,"January 19, 2019"
607,Expecting Amy,5.4,"July 9, 2020"
608,Outlander (2014): Season 1,8.3,"August 9, 2014"
609,Shrek The Halls,7.2,"November 28, 2007"
610,Will & Grace (2017): Season 1,6.2,"September 28, 2017"
611,Archive 81: Season 1,6.9,"January 14, 2022"
612,Stumptown: Season 1,6.9,"September 25, 2019"
613,The Last Panthers: Season 1,6.5,"November 12, 2015"
614,Masters of Horror: Season 1,7.0,"October 28, 2005"
615,Ally McBeal: Season 1,6.4,"September 8, 1997"
616,Mythic Quest: Season 1,6.2,"February 7, 2020"
617,Deadwater Fell: Season 1,6.3,"January 10, 2020"
618,Getting On (2013): Season 1,7.7,"November 24, 2013"
619,Halt and Catch Fire: Season 2,8.6,"May 31, 2015"
620,Girls: Season 5,6.7,"February 21, 2016"
621,Jonathan Strange & Mr. Norrell: Season 1,8.3,"May 17, 2015"
622,Primeval: Season 1,6.8,"February 10, 2007"
623,Lone Star: Season 1,7.5,"September 20, 2010"
624,Entourage: Season 3,8.6,"June 11, 2006"
625,China Beach: Season 1,tbd,"April 26, 1988"
626,The Capture: Season 1,6.7,"September 3, 2019"
627,Hit and Miss: Season 1,8.3,"May 22, 2012"
628,The Affair: Season 3,6.4,"November 20, 2016"
629,Masters of Sex: Season 3,6.2,"July 12, 2015"
630,I'll Fly Away: Season 1,tbd,"October 7, 1991"
631,The Tick (2017): Season 1,7.4,"August 25, 2017"
632,Downton Abbey: Season 4,7.4,"September 22, 2013"
633,The Amazing Race: Season 1,7.8,"September 5, 2001"
634,Yasuke: Season 1,6.2,"April 29, 2021"
635,Eli Stone: Season 2,7.7,"October 14, 2008"
636,Veep: Season 1,7.9,"April 22, 2013"
637,Marvel's Agent Carter: Season 1,7.8,"January 6, 2015"
638,Welcome to Sweden: Season 1,6.1,"July 10, 2014"
639,Star Trek: Discovery: Season 1,4.5,"September 24, 2017"
640,Obama: In Pursuit of a More Perfect Union: Season 1,2.8,"August 3, 2021"
641,Seduced and Abandoned,tbd,"October 28, 2013"
642,Ghosts (2021): Season 1,4.4,"October 7, 2021"
643,24: Season 3,8.7,"October 28, 2003"
644,High School Musical 2,6.3,"August 17, 2007"
645,The Afterparty: Season 1,6.8,"January 28, 2022"
646,Aziz Ansari: Right Now,6.1,"July 9, 2019"
647,Confirmation,6.4,"April 16, 2016"
648,Ripper Street: Season 1,8.0,"December 30, 2012"
649,The Last Man on Earth: Season 1,7.5,"March 1, 2015"
650,Jericho: Season 2,8.7,"February 12, 2008"
651,Star Trek: Discovery: Season 2,5.2,"January 17, 2019"
652,Black Mirror: Season 4,7.2,"December 29, 2017"
653,Quarry: Season 1,8.3,"September 9, 2016"
654,The Divide: Season 1,8.3,"July 16, 2014"
655,Stateless: Season 1,6.6,"July 8, 2020"
656,Archer: Season 8,6.1,"April 5, 2017"
657,Bobby Kennedy for President,5.7,"April 27, 2018"
658,Futurama: Season 1,9.1,"March 28, 1999"
659,Stranger Things: Season 3,7.3,"July 4, 2019"
660,The Mayor: Season 1,6.1,"October 3, 2017"
661,War & Peace,7.8,"January 18, 2016"
662,Hindsight: Season 1,7.6,"January 7, 2015"
663,People of Earth: Season 1,8.3,"October 31, 2016"
664,Looking for Alaska: Season 1,5.8,"October 18, 2019"
665,Night Stalker: The Hunt for a Serial Killer,7.3,"January 13, 2021"
666,Teenage Bounty Hunters: Season 1,7.0,"August 14, 2020"
667,24: Season 7,8.4,"January 11, 2009"
668,Mad About You: Season 1,7.8,"September 23, 1992"
669,PRIDE,4.6,"May 14, 2021"
670,Arrested Development: Season 4,8.1,"May 26, 2013"
671,Under the Dome: Season 1,5.9,"June 24, 2013"
672,The Strain: Season 1,7.5,"July 13, 2014"
673,Teach: Tony Danza: Season 1,7.0,"October 1, 2010"
674,Tiger,6.2,"January 10, 2021"
675,Big Love: Season 1,6.8,"March 12, 2006"
676,Spielberg,7.2,"October 7, 2017"
677,Cobra Kai: Season 1,8.1,"May 2, 2018"
678,Love (2016): Season 1,7.7,"February 19, 2016"
679,In Treatment: Season 4,4.1,"May 23, 2021"
680,Lois & Clark: The New Adventures of Superman: Season 1,8.9,"September 12, 1993"
681,Wellington Paranormal: Season 1,7.1,"July 11, 2021"
682,Masters of the Universe: Revelation: Season 1,2.1,"July 23, 2021"
683,Twenties: Season 1,3.9,"March 4, 2020"
684,American Horror Story: Season 6,7.1,"September 14, 2016"
685,The Boondocks: Season 1,8.8,"November 6, 2005"
686,Invasion: Season 1,8.3,"September 21, 2005"
687,True Detective: Season 3,6.8,"January 13, 2019"
688,Kingdom (2014): Season 1,8.3,"October 8, 2014"
689,Cobra Kai: Season 3,8.3,"January 1, 2021"
690,Filth: The Mary Whitehouse Story,tbd,"May 28, 2008"
691,Dead to Me: Season 2,7.9,"May 8, 2020"
692,Warehouse 13: Season 2,7.8,"July 6, 2010"
693,Solar Opposites: Season 1,7.4,"May 8, 2020"
694,Oliver Twist : Season 1,tbd,"December 18, 2007"
695,Easy: Season 1,6.0,"September 22, 2016"
696,Poldark: Season 1,7.7,"June 21, 2015"
697,Catch and Kill: The Podcast Tapes: Season 1,tbd,"July 12, 2021"
698,The Sex Lives of College Girls: Season 1,5.9,"November 18, 2021"
699,Bad Vegan: Fame. Fraud. Fugitives.: Season 1,4.0,"March 16, 2022"
700,Godfather of Harlem: Season 1,6.7,"September 29, 2019"
701,Spy City: Season 1,5.6,"April 15, 2021"
702,The Mighty Ducks: Game Changers: Season 1,5.7,"March 26, 2021"
703,Late Show with Stephen Colbert: Season 1,6.0,"September 8, 2015"
704,The Not Too Late Show with Elmo: Season 1,tbd,"May 27, 2020"
705,Mrs. Fletcher: Season 1,6.2,"October 27, 2019"
706,Naomi: Season 1,6.7,"January 11, 2022"
707,Life (2007): Season 2,7.0,"September 29, 2008"
708,McMillions: Season 1,6.6,"February 3, 2020"
709,Rome: Season 1,9.2,"August 28, 2005"
710,Almost Royal: Season 1,6.2,"June 21, 2014"
711,Homeland: Season 8,6.6,"February 9, 2020"
712,Spin City: Season 1,7.8,"September 17, 1996"
713,The Young Indiana Jones Chronicles: Season 1,8.8,"March 4, 1992"
714,To Walk Invisible: The Brontë Sisters,6.1,"March 26, 2017"
715,Our Nixon,7.0,"August 1, 2013"
716,Inside Men: Season 1,7.4,"February 2, 2012"
717,Parks and Recreation: Season 2,8.7,"September 17, 2009"
718,The Kids Are Alright: Season 1,7.9,"October 16, 2018"
719,The Real World: Season 4,tbd,"June 28, 1995"
720,Bosch: Season 1,8.2,"February 7, 2014"
721,FlashForward: Season 1,7.4,"September 24, 2009"
722,Thief: Season 1,8.3,"March 28, 2006"
723,Dr. Brain: Season 1,6.4,"November 3, 2021"
724,The Escape Artist: Season 1,8.8,"October 29, 2013"
725,Chuck: Season 3,8.6,"January 10, 2010"
726,Tour de Pharmacy,7.3,"July 8, 2017"
727,The No. 1 Ladies' Detective Agency: Season 1,8.8,"March 29, 2009"
728,Ordeal By Innocence: Season 1,5.9,"April 1, 2018"
729,Ray Donovan: Season 3,7.3,"July 12, 2015"
730,Designated Survivor: Season 1,6.5,"September 21, 2016"
731,Get Shorty: Season 1,7.8,"August 13, 2017"
732,Manhunt (2017): Season 1,7.7,"August 1, 2017"
733,Mr. Mercedes: Season 1,7.5,"August 9, 2017"
734,Portlandia: Season 1,7.4,"January 21, 2011"
735,America in Color: Season 1,tbd,"July 2, 2017"
736,Devs: Season 1,7.5,"March 5, 2020"
737,The Starter Wife: Season 1,tbd,"May 31, 2007"
738,Murphy Brown: Season 1,5.8,"November 14, 1988"
739,Women of the Movement: Season 1,1.2,"January 6, 2022"
740,Important Things with Demetri Martin: Season 1,8.2,"February 11, 2009"
741,Hustle: Season 1,8.6,"January 14, 2006"
742,The House: Season 1,6.4,"January 14, 2022"
743,The Grinder: Season 1,7.3,"September 29, 2015"
744,"Murder, She Wrote: Season 1",8.5,"September 30, 1984"
745,Gotham: Season 1,7.4,"September 22, 2014"
746,Human Target: Season 2,8.3,"November 17, 2010"
747,The White Princess: Season 1,6.0,"April 16, 2017"
748,Downward Dog: Season 1,8.0,"May 17, 2017"
749,Caprica: Season 1,7.3,"January 22, 2010"
750,Marvel's M.O.D.O.K.: Season 1,7.2,"May 21, 2021"
751,Shrill: Season 2,4.8,"January 24, 2020"
752,American Horror Story: Season 3,7.6,"October 9, 2013"
753,grown-ish: Season 1,5.4,"January 3, 2018"
754,Saved by the Bell (2020): Season 1,2.5,"November 25, 2020"
755,The Great British Baking Show: Season 9,tbd,"September 25, 2020"
756,The Comeback: Season 2,8.1,"November 9, 2014"
757,Wallander: Season 1,7.4,"November 30, 2008"
758,Our Flag Means Death: Season 1,6.9,"March 3, 2022"
759,Stanley Tucci: Searching for Italy: Season 1,tbd,"February 14, 2021"
760,Looney Tunes Cartoons: Season 1,7.4,"May 27, 2020"
761,Colin in Black & White: Season 1,3.6,"October 29, 2021"
762,Son of the Beach: Season 1,tbd,"March 14, 2000"
763,The Sinner: Season 1,7.9,"August 2, 2017"
764,Don't Trust the B---- in Apartment 23: Season 1,7.4,"April 11, 2012"
765,Running with Beto,tbd,"May 28, 2019"
766,Faking It (2014): Season 1,8.4,"April 22, 2014"
767,Vikings: Season 1,8.0,"March 3, 2013"
768,"You, Me and the Apocalypse: Season 1",7.4,"September 30, 2015"
769,Vinyl: Season 1,7.0,"February 14, 2016"
770,Looking: The Movie,7.3,"July 23, 2016"
771,Maron: Season 1,7.9,"May 3, 2013"
772,Review: Season 1,8.1,"March 6, 2014"
773,Suburgatory: Season 1,7.5,"September 28, 2011"
774,Nightmares & Dreamscapes: From the Stories of Stephen King: Season 1,tbd,"July 12, 2006"
775,Finding Carter: Season 1,7.4,"July 8, 2014"
776,jeen-yuhs: A Kanye Trilogy: Season 1,6.8,"February 16, 2022"
777,Sanditon: Season 1,6.8,"August 25, 2019"
778,Big Love: Season 2,6.9,"June 11, 2007"
779,"Live in Front of a Studio Audience: Norman Lear's ""All in the Family"" and ""The Jeffersons""",5.5,"May 22, 2019"
780,The End of the F***ing World: Season 2,7.2,"November 4, 2019"
781,The Paradise: Season 1,7.4,"September 25, 2012"
782,Sarah Cooper: Everything's Fine,4.0,"October 27, 2020"
783,Legit: Season 1,8.1,"January 17, 2013"
784,Ted Lasso: Season 1,8.1,"August 14, 2020"
785,Katy Keene: Season 1,4.9,"February 6, 2020"
786,The Adam Carolla Project: Season 8,4.8,"June 30, 2013"
787,Brooklyn Nine-Nine: Season 1,8.2,"September 17, 2013"
788,Huge: Season 1,5.8,"June 28, 2010"
789,Californication: Season 1,8.5,"August 13, 2007"
790,Living with Yourself: Season 1,5.9,"October 18, 2019"
791,Bridgerton: Season 2,7.4,"March 25, 2022"
792,The White Queen: Season 1,7.7,"June 16, 2013"
793,Torchwood (UK): Season 4,6.4,"July 8, 2011"
794,Catch-22 (2019): Season 1,6.6,"May 17, 2019"
795,Generation Cryo: Season 1,tbd,"November 25, 2013"
796,Marvel's Jessica Jones: Season 2,6.2,"March 8, 2018"
797,Entourage: Season 5,8.7,"September 7, 2008"
798,Hunted: Season 1,6.9,"October 4, 2012"
799,Tracey Ullman's State of the Union: Season 1,5.4,"March 30, 2008"
800,mixed-ish: Season 1,6.0,"September 24, 2019"
801,Penny Dreadful: Season 1,8.3,"May 11, 2014"
802,Bless the Harts: Season 1,6.3,"September 29, 2019"
803,Gangs of London: Season 1,6.4,"April 23, 2020"
804,Falling Skies: Season 1,6.3,"June 19, 2011"
805,Ashes to Ashes: Season 1,7.9,"March 7, 2009"
806,The X Factor: Season 1,5.8,"September 21, 2011"
807,The Boys Presents: Diabolical: Season 1,5.3,"March 4, 2022"
808,Outcast: Season 1,7.5,"June 3, 2016"
809,Mrs. Wilson,7.5,"March 31, 2019"
810,The L.A. Complex: Season 1,7.9,"January 10, 2012"
811,The Chronicle: Season 1,tbd,"July 14, 2001"
812,Das Boot (2019),6.5,"June 17, 2019"
813,Blue Bloods: Season 1,7.4,"September 24, 2010"
814,My Next Guest Needs No Introduction With David Letterman: Season 1,5.9,"January 12, 2018"
815,Red Oaks: Season 1,7.5,"October 9, 2015"
816,24: Live Another Day: Season 9,8.7,"May 5, 2014"
817,Cobra Kai: Season 4,8.0,"December 31, 2021"
818,Belgravia: Season 1,7.4,"April 12, 2020"
819,The Innocents (2018): Season 1,5.9,"August 24, 2018"
820,Saints & Strangers,5.3,"November 22, 2015"
821,Grantchester: Season 1,7.2,"October 6, 2014"
822,High School Confidential: Season 1,7.3,"March 10, 2008"
823,Addiction,tbd,"March 15, 2007"
824,It's Always Sunny in Philadelphia: Season 2,9.0,"June 29, 2006"
825,Doctor Who: Season 1,8.5,"March 26, 2005"
826,Project Runway: Season 1,5.7,"December 1, 2004"
827,In Treatment: Season 1,9.1,"January 28, 2008"
828,Scenes From A Marriage: Season 1,7.2,"September 12, 2021"
829,Succession: Season 1,7.9,"June 3, 2018"
830,Peacemaker: Season 1,7.5,"January 13, 2022"
831,Oz: Season 1,7.9,"July 12, 1997"
832,Life & Beth: Season 1,6.3,"March 18, 2022"
833,The X-Files: Season 1,8.7,"September 10, 1993"
834,The Path: Season 1,7.9,"March 30, 2016"
835,NewsRadio: Season 1,7.6,"March 21, 1995"
836,Dirty Sexy Money: Season 2,8.2,"October 1, 2008"
837,Vikings: Valhalla: Season 1,2.5,"February 25, 2022"
838,Future Man: Season 1,7.7,"November 14, 2017"
839,The Third Day: Season 1,5.9,"September 14, 2020"
840,Lodge 49: Season 1,7.4,"August 6, 2018"
841,Resident Alien: Season 1,7.1,"January 27, 2021"
842,Doom Patrol: Season 1,7.3,"February 15, 2019"
843,Orphan Black: Season 3,6.5,"April 18, 2015"
844,Mrs. Harris,8.2,"February 25, 2006"
845,This Is a Robbery: The World's Biggest Art Heist: Season 1,6.6,"April 7, 2021"
846,The Middle: Season 1,7.7,"September 30, 2009"
847,Robin Hood: Season 1,7.8,"March 3, 2007"
848,Pam & Tommy: Season 1,6.2,"February 2, 2022"
849,The Mandalorian: Season 1,7.7,"November 12, 2019"
850,Chucky: Season 1,5.5,"October 12, 2021"
851,Gentefied: Season 1,4.4,"February 21, 2020"
852,Tracey Ullman's Show: Season 1,5.7,"October 28, 2016"
853,The Chair (2014): Season 1,8.5,"September 6, 2014"
854,Karen Sisco: Season 1,tbd,"October 1, 2003"
855,"Push, Nevada: Season 1",tbd,"September 17, 2002"
856,High Fidelity: Season 1,7.1,"February 14, 2020"
857,Quantico: Season 1,5.9,"September 27, 2015"
858,Hannibal: Season 1,8.6,"April 4, 2013"
859,Nip/Tuck: Season 1,7.4,"July 22, 2003"
860,Weeds: Season 1,8.1,"August 7, 2005"
861,The Real World: Season 3,tbd,"June 23, 1994"
862,All-American Muslim: Season 1,6.5,"November 13, 2011"
863,Industry: Season 1,6.2,"November 9, 2020"
864,Community: Season 4,7.1,"February 7, 2013"
865,Billions: Season 1,7.5,"January 17, 2016"
866,The Inventor: Out for Blood in Silicon Valley,7.2,"March 18, 2019"
867,Roseanne: Season 10,5.7,"October 18, 1988"
868,Trial by Media: Season 1,tbd,"May 11, 2020"
869,Marvel's What If...?: Season 1,6.4,"August 11, 2021"
870,Louie: Season 1,8.5,"June 29, 2010"
871,Colony: Season 1,7.5,"January 14, 2016"
872,Moon Knight: Season 1,7.5,"March 30, 2022"
873,The Killing: Season 3,8.3,"June 2, 2013"
874,The Musketeers: Season 1,7.5,"January 19, 2014"
875,Halt and Catch Fire: Season 1,8.4,"June 1, 2014"
876,Flying Blind: Season 1,tbd,"September 13, 1992"
877,The Fades: Season 1,7.1,"January 14, 2012"
878,Ziwe: Season 1,5.2,"May 9, 2021"
879,Drop Dead Diva: Season 1,8.5,"July 12, 2009"
880,Community: Season 1,8.8,"September 17, 2009"
881,What Would Diplo Do?: Season 1,5.6,"August 3, 2017"
882,His Dark Materials: Season 1,7.3,"November 3, 2019"
883,Star Trek: Picard: Season 2,3.2,"March 3, 2022"
884,Trollhunters: Season 1,8.4,"December 23, 2016"
885,Clear History,6.7,"August 10, 2013"
886,Rubicon: Season 1,8.0,"August 1, 2010"
887,Wolf Like Me: Season 1,5.4,"January 13, 2022"
888,Little Fires Everywhere: Season 1,6.8,"March 18, 2020"
889,The Spoils of Babylon: Season 1,6.5,"January 9, 2014"
890,Human Target: Season 1,8.0,"January 17, 2010"
891,O.G.,6.6,"February 23, 2019"
892,Public Morals: Season 1,7.1,"August 25, 2015"
893,The Mindy Project: Season 1,7.3,"September 25, 2012"
894,Taking on Tyson: Season 1,tbd,"March 6, 2011"
895,Southland: Season 1,8.5,"April 9, 2009"
896,Wanderlust (2018): Season 1,5.1,"October 19, 2018"
897,And the Band Played On: Season 1,8.3,"January 1, 1993"
898,Legendary: Season 1,7.0,"May 27, 2020"
899,Mildred Pierce: Season 1,7.3,"March 27, 2011"
900,Creature Comforts: Season 1,7.4,"June 4, 2007"
901,Paterno,4.6,"April 7, 2018"
902,The Fugitive: Season 1,tbd,"October 6, 2000"
903,The Fosters: Season 1,8.2,"June 3, 2013"
904,Boston Legal: Season 1,8.3,"October 3, 2004"
905,Cybill: Season 1,9.4,"January 2, 1995"
906,The Miniaturist,5.5,"September 9, 2018"
907,Orange is the New Black: Season 6,7.0,"July 27, 2018"
908,The Riches: Season 1,6.6,"March 12, 2007"
909,1883: Season 1,7.2,"December 19, 2021"
910,Squid Game: Season 1,6.7,"September 17, 2021"
911,The Jim Gaffigan Show: Season 1,6.4,"July 15, 2015"
912,Empire (2015): Season 1,7.0,"January 7, 2015"
913,American Horror Story: Season 4,7.1,"October 8, 2014"
914,Trying: Season 1,6.3,"May 1, 2020"
915,The Hot Zone: Season 1,6.4,"May 27, 2019"
916,Castle Rock (2018): Season 2,7.4,"October 23, 2019"
917,Life Unexpected: Season 1,7.9,"January 18, 2010"
918,Soul Food: Season 1,tbd,"July 5, 2000"
919,Girlfriends' Guide to Divorce: Season 1,5.9,"December 2, 2014"
920,How I Met Your Mother: Season 1,8.5,"September 19, 2005"
921,Emergence: Season 1,6.3,"September 24, 2019"
922,No Tomorrow: Season 1,6.8,"October 4, 2016"
923,A Wilderness of Error,tbd,"September 25, 2020"
924,Betas: Season 1,7.3,"April 19, 2013"
925,Amanda Knox: Murder on Trial in Italy: Season 1,4.8,"February 21, 2011"
926,Burn Notice: Season 1,8.1,"June 28, 2007"
927,The Detour: Season 1,7.4,"April 11, 2016"
928,Burden of Truth: Season 1,4.0,"January 10, 2018"
929,The Get Down: Season 1,7.8,"August 12, 2016"
930,Gossip Girl: Season 2,8.0,"September 1, 2008"
931,"Love, Victor: Season 1",1.1,"June 17, 2020"
932,Pitch: Season 1,7.1,"September 22, 2016"
933,11.22.63: Season 1,7.8,"February 15, 2016"
934,Jim Henson's Creature Shop Challenge: Season 1,7.0,"March 25, 2014"
935,The Witcher: Season 2,3.9,"December 17, 2021"
936,The Nightly Show with Larry Wilmore: Season 1,2.7,"January 19, 2015"
937,CSI: Miami: Season 1,6.3,"September 23, 2002"
938,The Killing: Season 2,8.2,"April 1, 2012"
939,Patriot: Season 1,7.9,"November 3, 2015"
940,Dopesick,7.7,"October 13, 2021"
941,"Big Time in Hollywood, FL: Season 1",6.8,"March 25, 2015"
942,La Femme Nikita: Season 1,8.3,"January 13, 1997"
943,Bette: Season 1,tbd,"October 11, 2000"
944,Leverage: Season 1,8.8,"December 7, 2008"
945,Becoming Us: Season 1,4.2,"June 8, 2015"
946,Reacher: Season 1,7.7,"February 4, 2022"
947,Entourage: Season 1,8.4,"July 18, 2004"
948,Fargo: Season 4,5.1,"September 27, 2020"
949,The Nine Lives of Chloe King: Season 1,7.9,"June 14, 2011"
950,The Outsider (2020): Season 1,7.4,"January 12, 2020"
951,Greenleaf: Season 1,6.7,"June 21, 2016"
952,Shadow and Bone: Season 1,7.1,"April 23, 2021"
953,George W. Bush: The 9/11 Interview,3.9,"August 28, 2011"
954,Kidnapped: Season 1,8.5,"September 20, 2006"
955,The 4400: Season 1,8.0,"July 11, 2004"
956,Homeland: Season 6,6.6,"January 15, 2017"
957,Big Love: Season 4,6.1,"January 10, 2010"
958,Sons of Anarchy: Season 1,8.5,"September 3, 2008"
959,Kidding: Season 1,7.6,"September 9, 2018"
960,Dave Chappelle: Deep in the Heart of Texas,8.1,"March 21, 2017"
961,Winning Time: The Rise of the Lakers Dynasty: Season 1,6.4,"March 6, 2022"
962,Hatfields & McCoys,7.9,"May 28, 2012"
963,The Tudors: Season 2,6.8,"March 30, 2008"
964,Felicity: An American Girl Adventure,8.0,"November 29, 2005"
965,Grand Army: Season 1,5.2,"October 16, 2020"
966,My Dinner with Herve,6.3,"October 20, 2018"
967,Made For Love: Season 1,6.2,"April 1, 2021"
968,Baskets: Season 1,7.7,"January 21, 2016"
969,American Dreams: Season 1,tbd,"September 29, 2002"
970,Ethel: Season 1,6.8,"October 18, 2012"
971,Law & Order: Special Victims Unit: Season 1,8.2,"September 20, 1999"
972,Another Period: Season 1,6.6,"June 23, 2015"
973,Grey's Anatomy: Season 5,7.2,"September 25, 2008"
974,Tales From the Loop: Season 1,7.5,"April 3, 2020"
975,Seven Seconds: Season 1,7.1,"February 23, 2018"
976,The Gilded Age: Season 1,5.4,"January 24, 2022"
977,Muppets Now: Season 1,5.6,"July 31, 2020"
978,I Just Want My Pants Back: Season 1,6.1,"August 28, 2011"
979,Perry Mason (2020): Season 1,6.1,"June 21, 2020"
980,How to Get Away With Murder: Season 1,7.7,"September 25, 2014"
981,Philip K. Dick's Electric Dreams: Season 1,6.2,"September 17, 2017"
982,I Know This Much Is True: Season 1,7.0,"May 10, 2020"
983,American Auto: Season 1,tbd,"December 13, 2021"
984,The Kominsky Method: Season 1,7.6,"November 16, 2018"
985,Flight of the Conchords: Season 1,9.1,"June 17, 2007"
986,Bent (2012): Season 1,6.2,"March 21, 2012"
987,A Very Murray Christmas,5.1,"December 4, 2015"
988,Odd Mom Out: Season 1,5.5,"June 9, 2015"
989,Alpha House: Season 1,6.8,"April 19, 2013"
990,Euphoria: Season 1,6.8,"June 16, 2019"
991,The State Within: Season 1,7.9,"January 29, 2007"
992,Work of Art: The Next Great Artist: Season 1,8.2,"June 9, 2010"
993,The Young Pope: Season 1,7.4,"January 15, 2017"
994,The Spy: Season 1,6.3,"September 6, 2019"
995,Pan Am: Season 1,7.4,"September 25, 2011"
996,Rome: Season 2,8.9,"January 14, 2007"
997,Fosse/Verdon: Season 1,7.2,"April 9, 2019"
998,Murder in the First: Season 1,6.6,"June 9, 2014"
999,King of the Hill: Season 1,8.7,"January 12, 1997"
