,title,release,metascore
800,Boss: Season 2,"August 17, 2012",75
801,Angel: Season 1,"October 5, 1999",75
802,Damages: Season 1,"July 24, 2007",75
803,Dr. Death: Season 1,"July 15, 2021",75
804,Bill Cosby: Far From Finished,"November 23, 2013",75
805,Betty: Season 2,"June 11, 2021",75
806,Star Trek: Discovery: Season 3,"October 15, 2020",75
807,Hannah Gadsby: Douglas,"May 26, 2020",75
808,ZeroZeroZero: Season 1,"March 6, 2020",75
809,Spectacle: Elvis Costello With...: Season 1,"December 3, 2008",75
810,The Knick: Season 1,"August 8, 2014",75
811,The Wonder Years (2021): Season 1,"September 22, 2021",75
812,Terriers: Season 1,"September 8, 2010",75
813,The Walking Dead: Season 4,"October 13, 2013",75
814,Godless: Season 1,"November 22, 2017",75
815,Queen Sugar: Season 1,"September 6, 2016",75
816,Pose: Season 1,"June 3, 2018",75
817,The Good Wife: Season 1,"September 22, 2009",75
818,Allen v. Farrow: Season 1,"February 21, 2021",75
819,Veronica Mars: Season 4,"July 19, 2019",75
820,Marvel's Daredevil: Season 1,"October 19, 2018",75
821,Bessie: Season 1,"May 16, 2015",75
822,Will & Grace: Season 1,"September 21, 1998",75
823,Fresh Off the Boat: Season 1,"February 4, 2015",75
824,Without a Trace: Season 1,"September 26, 2002",75
825,Luck: Season 1,"December 11, 2011",75
826,Des,"September 14, 2020",75
827,The Marvelous Mrs. Maisel: Season 3,"December 6, 2019",75
828,Corporate: Season 1,"January 17, 2018",75
829,Sarah Silverman: We Are Miracles,"November 23, 2013",75
830,Public Speaking,"November 22, 2010",75
831,The Alzheimer's Project: Season 1,"May 10, 2009",75
832,Burn Notice: Season 2,"July 10, 2008",75
833,House: Season 1,"November 16, 2004",75
834,Downton Abbey: Season 5,"September 21, 2014",75
835,Run (2020): Season 1,"April 12, 2020",75
836,The Little Drummer Girl: Season 1,"October 28, 2018",75
837,Studio 60 on the Sunset Strip: Season 1,"September 18, 2006",75
838,The Conners: Season 1,"October 16, 2018",75
839,Game of Thrones: Season 8,"April 14, 2019",75
840,Dracula (2020): Season 1,"January 4, 2020",75
841,Cougar Town: Season 2,"September 22, 2010",75
842,Restless,"December 7, 2012",75
843,American Vandal: Season 1,"September 15, 2017",75
844,Julia (2022): Season 1,"March 31, 2022",75
845,With Love: Season 1,"December 17, 2021",75
846,Younger: Season 1,"March 31, 2015",75
847,Broad City: Season 1,"January 22, 2014",75
848,This Close: Season 1,"February 14, 2018",75
849,Veep: Season 2,"April 14, 2013",75
850,Quiz,"May 31, 2020",75
851,Grease: Live,"January 31, 2016",75
852,Ray Donovan: Season 1,"June 30, 2013",75
853,Gilmore Girls: Season 8,"November 25, 2016",75
854,Frayed: Season 1,"September 26, 2019",75
855,Jane Eyre,"September 24, 2006",75
856,Vida: Season 1,"May 6, 2018",75
857,The Outlaws: Season 1,"April 1, 2022",75
858,Monk: Season 1,"July 12, 2002",75
859,The Ben Stiller Show: Season 1,"September 27, 1992",75
860,Brotherhood: Season 1,"July 9, 2006",75
861,Lorena: Season 1,"February 15, 2019",75
862,Bridgerton: Season 1,"December 25, 2020",75
863,As You Like It,"August 21, 2007",75
864,Maximum Bob: Season 1,"August 4, 1998",75
865,Framing Britney Spears,"February 5, 2021",75
866,Big Little Lies: Season 1,"February 19, 2017",75
867,Nurse Jackie: Season 2,"March 22, 2010",75
868,Supergirl (2015): Season 1,"October 26, 2015",75
869,Bloodline: Season 1,"March 20, 2015",75
870,Detroiters: Season 1,"February 7, 2017",75
871,Ash Vs. Evil Dead: Season 1,"October 31, 2015",75
872,The Last Days of Ptolemy Grey: Season 1,"March 11, 2022",75
873,The Sinner: Season 2,"August 1, 2018",75
874,Key & Peele: Season 1,"January 31, 2012",74
875,Awake: Season 1,"March 1, 2012",74
876,Cruel Summer: Season 1,"April 20, 2021",74
877,The Real World Homecoming: Season 1,"March 4, 2021",74
878,Fringe: Season 2,"September 17, 2009",74
879,Six Feet Under: Season 1,"June 3, 2001",74
880,Everybody Loves Raymond: Season 1,"September 13, 1996",74
881,The Great: Season 1,"May 15, 2020",74
882,Underground: Season 1,"March 9, 2016",74
883,Shrill: Season 3,"May 7, 2021",74
884,Family Tree: Season 1,"May 12, 2013",74
885,The Practice: Season 1,"March 4, 1997",74
886,Wild Things with Dominic Monaghan: Season 1,"November 25, 2013",74
887,George Harrison: Living in the Material World,"October 5, 2011",74
888,Enlightened: Season 1,"October 10, 2011",74
889,Chuck: Season 2,"September 29, 2008",74
890,Documentary Now!: Season 2,"September 14, 2016",74
891,iZombie: Season 1,"March 17, 2015",74
892,True Blood: Season 5,"June 10, 2012",74
893,The Looming Tower: Season 1,"February 28, 2018",74
894,Star Trek: Deep Space Nine: Season 1,"January 3, 1993",74
895,Marvel's Agents of S.H.I.E.L.D: Season 1,"September 24, 2013",74
896,Awkward: Season 1,"July 19, 2011",74
897,The Blacklist: Season 1,"September 23, 2013",74
898,Homeland: Season 4,"October 5, 2014",74
899,Transparent: Season 4,"September 22, 2017",74
900,Elf: Buddy's Musical Christmas,"December 16, 2014",74
901,The Falcon and the Winter Soldier: Season 1,"March 19, 2021",74
902,Wet Hot American Summer: First Day of Camp: Season 1,"July 31, 2015",74
903,Farscape: Season 1,"March 18, 1999",74
904,Traffic,"January 26, 2004",74
905,Last Resort: Season 1,"September 27, 2012",74
906,Twin Peaks: Season 3,"May 21, 2017",74
907,YOU: Season 2,"December 26, 2019",74
908,The Assassination of Gianni Versace: American Crime Story: Season 1,"January 17, 2018",74
909,"Upstairs, Downstairs: Season 1","December 26, 2010",74
910,Wishful Drinking,"December 12, 2010",74
911,CSI: Season 9,"April 16, 2009",74
912,The Electric Company: Season 1,"January 19, 2009",74
913,Carrier: Season 1,"April 27, 2008",74
914,Nip/Tuck: Season 4,"September 5, 2006",74
915,Hotel Babylon: Season 1,"January 19, 2006",74
916,World On Fire: Season 1,"September 29, 2019",74
917,Sinatra: All or Nothing at All: Season 1,"April 5, 2015",74
918,Phoenix Rising,"March 15, 2022",74
919,Chuck: Season 1,"September 24, 2007",74
920,Acapulco (2021): Season 1,"October 8, 2021",74
921,The Boys: Season 1,"July 26, 2019",74
922,True Blood: Season 4,"June 26, 2011",74
923,Tiger King: Season 1,"March 20, 2020",74
924,YOU: Season 1,"September 9, 2018",74
925,Klondike (2014): Season 1,"January 20, 2014",74
926,Loki: Season 1,"June 9, 2021",74
927,True Blood: Season 2,"June 14, 2009",74
928,Shrill: Season 1,"March 15, 2019",74
929,Jerry Before Seinfeld,"September 19, 2017",74
930,Curb Your Enthusiasm: Season 9,"October 1, 2017",74
931,Terminator: The Sarah Connor Chronicles: Season 1,"January 13, 2008",74
932,Chilling Adventures of Sabrina: Season 1,"October 26, 2018",74
933,Harlots: Season 1,"March 29, 2017",74
934,Sons of Anarchy: Season 6,"September 10, 2013",74
935,Nip/Tuck: Season 2,"June 22, 2004",74
936,Bunheads: Season 1,"June 11, 2012",74
937,Episodes (US): Season 1,"January 9, 2011",74
938,The North Water: Season 1,"July 15, 2021",74
939,Jerry Seinfeld: 23 Hours to Kill,"May 5, 2020",74
940,Arli$$: Season 1,"August 10, 1996",74
941,The Fourth Estate: Season 1,"May 27, 2018",74
942,Westworld: Season 1,"October 2, 2016",74
943,Starstruck (2021): Season 2,"March 24, 2022",74
944,Cinema Verite,"April 23, 2011",74
945,Storm of the Century,"February 14, 1999",74
946,Game Change,"March 10, 2012",74
947,The Big C: Season 4,"April 29, 2013",74
948,Euphoria: Season 2,"January 9, 2022",74
949,Humans: Season 1,"June 28, 2015",73
950,Elementary: Season 1,"September 27, 2012",73
951,Life On Mars: Season 1,"October 9, 2008",73
952,Breaking Bad: Season 1,"January 20, 2008",73
953,Game of Thrones: Season 6,"April 24, 2016",73
954,I Love Dick: Season 1,"May 12, 2017",73
955,The Big Leap: Season 1,"September 20, 2021",73
956,Dirty John: Season 2,"June 2, 2020",73
957,Mosaic: Season 1,"January 22, 2018",73
958,Hap and Leonard: Season 1,"March 2, 2016",73
959,Torchwood (UK): Season 1,"October 22, 2006",73
960,Murder Among the Mormons: Season 1,"March 3, 2021",73
961,Murder One: Season 2,"October 10, 1996",73
962,Invincible (2021): Season 1,"March 26, 2021",73
963,Crashing: Season 1,"February 19, 2017",73
964,Schmigadoon!: Season 1,"July 16, 2021",73
965,"Andy Barker, P.I.: Season 1","March 15, 2007",73
966,Thirteen: Season 1,"June 23, 2016",73
967,30 Rock: Season 4,"October 15, 2009",73
968,The Beat: Season 1,"March 28, 2000",73
969,Dare Me: Season 1,"December 29, 2019",73
970,The Flash (2014): Season 1,"October 7, 2014",73
971,The Act: Season 1,"March 20, 2019",73
972,Togetherness: Season 2,"February 21, 2016",73
973,Mythic Quest: Season 2,"May 7, 2021",73
974,Queer Eye (2018): Season 1,"February 7, 2018",73
975,Broadchurch: Season 2,"March 4, 2015",73
976,Arthur & George: Season 1,"September 6, 2015",73
977,Heels: Season 1,"August 15, 2021",73
978,About Face: Supermodels Then and Now: Season 1,"July 30, 2012",73
979,Looking: Season 1,"January 19, 2014",73
980,The Glee Project: Season 1,"June 12, 2011",73
981,Arrow: Season 1,"October 10, 2012",73
982,Orphan Black: Season 1,"March 30, 2013",73
983,Parade's End: Season 1,"August 24, 2012",73
984,The Drowning: Season 1,"May 6, 2021",73
985,A Suitable Boy,"December 7, 2020",73
986,Garfunkel & Oates: Season 1,"August 7, 2014",73
987,The Writers' Room: Season 1,"July 29, 2013",73
988,Mozart in the Jungle: Season 1,"December 23, 2014",73
989,The Chi: Season 1,"January 7, 2018",73
990,The Chair (2021): Season 1,"August 20, 2021",73
991,The Beast Must Die: Season 1,"July 5, 2021",73
992,Shangri-La (2019),"July 12, 2019",73
993,Cucumber: Season 1,"January 22, 2015",73
994,Thorne: Season 1,"October 10, 2010",73
995,The Inbetweeners (UK): Season 1,"May 1, 2008",73
996,Battle Creek: Season 1,"March 1, 2015",73
997,London Spy: Season 1,"January 21, 2016",73
998,The Bletchley Circle: Season 1,"September 6, 2012",73
999,The Middleman: Season 1,"June 16, 2008",73
1000,Sleeper Cell: Season 2,"December 10, 2006",73
1001,Top Of The Lake: Season 2,"July 27, 2017",73
1002,Demi Lovato: Dancing with the Devil: Season 1,"March 23, 2021",73
1003,Ray Donovan: Season 2,"July 13, 2014",73
1004,Sense8: Season 2,"December 23, 2016",73
1005,The Wiz Live!,"December 3, 2015",73
1006,Brexit,"January 19, 2019",73
1007,Expecting Amy,"July 9, 2020",73
1008,Outlander (2014): Season 1,"August 9, 2014",73
1009,Shrek The Halls,"November 28, 2007",73
1010,Will & Grace (2017): Season 1,"September 28, 2017",73
1011,Archive 81: Season 1,"January 14, 2022",73
1012,Stumptown: Season 1,"September 25, 2019",73
1013,The Last Panthers: Season 1,"November 12, 2015",73
1014,Masters of Horror: Season 1,"October 28, 2005",73
1015,Ally McBeal: Season 1,"September 8, 1997",73
1016,Mythic Quest: Season 1,"February 7, 2020",73
1017,Deadwater Fell: Season 1,"January 10, 2020",73
1018,Getting On (2013): Season 1,"November 24, 2013",73
1019,Halt and Catch Fire: Season 2,"May 31, 2015",73
1020,Girls: Season 5,"February 21, 2016",73
1021,Jonathan Strange & Mr. Norrell: Season 1,"May 17, 2015",73
1022,Primeval: Season 1,"February 10, 2007",73
1023,Lone Star: Season 1,"September 20, 2010",73
1024,Entourage: Season 3,"June 11, 2006",73
1025,China Beach: Season 1,"April 26, 1988",73
1026,The Capture: Season 1,"September 3, 2019",72
1027,Hit and Miss: Season 1,"May 22, 2012",72
1028,The Affair: Season 3,"November 20, 2016",72
1029,Masters of Sex: Season 3,"July 12, 2015",72
1030,I'll Fly Away: Season 1,"October 7, 1991",72
1031,The Tick (2017): Season 1,"August 25, 2017",72
1032,Downton Abbey: Season 4,"September 22, 2013",72
1033,The Amazing Race: Season 1,"September 5, 2001",72
1034,Yasuke: Season 1,"April 29, 2021",72
1035,Eli Stone: Season 2,"October 14, 2008",72
1036,Veep: Season 1,"April 22, 2013",72
1037,Marvel's Agent Carter: Season 1,"January 6, 2015",72
1038,Welcome to Sweden: Season 1,"July 10, 2014",72
1039,Star Trek: Discovery: Season 1,"September 24, 2017",72
1040,Obama: In Pursuit of a More Perfect Union: Season 1,"August 3, 2021",72
1041,Seduced and Abandoned,"October 28, 2013",72
1042,Ghosts (2021): Season 1,"October 7, 2021",72
1043,24: Season 3,"October 28, 2003",72
1044,High School Musical 2,"August 17, 2007",72
1045,The Afterparty: Season 1,"January 28, 2022",72
1046,Aziz Ansari: Right Now,"July 9, 2019",72
1047,Confirmation,"April 16, 2016",72
1048,Ripper Street: Season 1,"December 30, 2012",72
1049,The Last Man on Earth: Season 1,"March 1, 2015",72
1050,Jericho: Season 2,"February 12, 2008",72
1051,Star Trek: Discovery: Season 2,"January 17, 2019",72
1052,Black Mirror: Season 4,"December 29, 2017",72
1053,Quarry: Season 1,"September 9, 2016",72
1054,The Divide: Season 1,"July 16, 2014",72
1055,Stateless: Season 1,"July 8, 2020",72
1056,Archer: Season 8,"April 5, 2017",72
1057,Bobby Kennedy for President,"April 27, 2018",72
1058,Futurama: Season 1,"March 28, 1999",72
1059,Stranger Things: Season 3,"July 4, 2019",72
1060,The Mayor: Season 1,"October 3, 2017",72
1061,War & Peace,"January 18, 2016",72
1062,Hindsight: Season 1,"January 7, 2015",72
1063,People of Earth: Season 1,"October 31, 2016",72
1064,Looking for Alaska: Season 1,"October 18, 2019",72
1065,Night Stalker: The Hunt for a Serial Killer,"January 13, 2021",72
1066,Teenage Bounty Hunters: Season 1,"August 14, 2020",72
1067,24: Season 7,"January 11, 2009",72
1068,Mad About You: Season 1,"September 23, 1992",72
1069,PRIDE,"May 14, 2021",72
1070,Arrested Development: Season 4,"May 26, 2013",72
1071,Under the Dome: Season 1,"June 24, 2013",72
1072,The Strain: Season 1,"July 13, 2014",72
1073,Teach: Tony Danza: Season 1,"October 1, 2010",72
1074,Tiger,"January 10, 2021",72
1075,Big Love: Season 1,"March 12, 2006",72
1076,Spielberg,"October 7, 2017",72
1077,Cobra Kai: Season 1,"May 2, 2018",72
1078,Love (2016): Season 1,"February 19, 2016",72
1079,In Treatment: Season 4,"May 23, 2021",72
1080,Lois & Clark: The New Adventures of Superman: Season 1,"September 12, 1993",72
1081,Wellington Paranormal: Season 1,"July 11, 2021",72
1082,Masters of the Universe: Revelation: Season 1,"July 23, 2021",72
1083,Twenties: Season 1,"March 4, 2020",72
1084,American Horror Story: Season 6,"September 14, 2016",72
1085,The Boondocks: Season 1,"November 6, 2005",72
1086,Invasion: Season 1,"September 21, 2005",72
1087,True Detective: Season 3,"January 13, 2019",72
1088,Kingdom (2014): Season 1,"October 8, 2014",72
1089,Cobra Kai: Season 3,"January 1, 2021",72
1090,Filth: The Mary Whitehouse Story,"May 28, 2008",72
1091,Dead to Me: Season 2,"May 8, 2020",72
1092,Warehouse 13: Season 2,"July 6, 2010",72
1093,Solar Opposites: Season 1,"May 8, 2020",72
1094,Oliver Twist : Season 1,"December 18, 2007",72
1095,Easy: Season 1,"September 22, 2016",72
1096,Poldark: Season 1,"June 21, 2015",72
1097,Catch and Kill: The Podcast Tapes: Season 1,"July 12, 2021",72
1098,The Sex Lives of College Girls: Season 1,"November 18, 2021",72
1099,Bad Vegan: Fame. Fraud. Fugitives.: Season 1,"March 16, 2022",72
1100,Godfather of Harlem: Season 1,"September 29, 2019",72
1101,Spy City: Season 1,"April 15, 2021",72
1102,The Mighty Ducks: Game Changers: Season 1,"March 26, 2021",72
1103,Late Show with Stephen Colbert: Season 1,"September 8, 2015",72
1104,The Not Too Late Show with Elmo: Season 1,"May 27, 2020",72
1105,Mrs. Fletcher: Season 1,"October 27, 2019",72
1106,Naomi: Season 1,"January 11, 2022",72
1107,Life (2007): Season 2,"September 29, 2008",72
1108,McMillions: Season 1,"February 3, 2020",71
1109,Rome: Season 1,"August 28, 2005",71
1110,Almost Royal: Season 1,"June 21, 2014",71
1111,Homeland: Season 8,"February 9, 2020",71
1112,Spin City: Season 1,"September 17, 1996",71
1113,The Young Indiana Jones Chronicles: Season 1,"March 4, 1992",71
1114,To Walk Invisible: The BrontÃ« Sisters,"March 26, 2017",71
1115,Our Nixon,"August 1, 2013",71
1116,Inside Men: Season 1,"February 2, 2012",71
1117,Parks and Recreation: Season 2,"September 17, 2009",71
1118,The Kids Are Alright: Season 1,"October 16, 2018",71
1119,The Real World: Season 4,"June 28, 1995",71
1120,Bosch: Season 1,"February 7, 2014",71
1121,FlashForward: Season 1,"September 24, 2009",71
1122,Thief: Season 1,"March 28, 2006",71
1123,Dr. Brain: Season 1,"November 3, 2021",71
1124,The Escape Artist: Season 1,"October 29, 2013",71
1125,Chuck: Season 3,"January 10, 2010",71
1126,Tour de Pharmacy,"July 8, 2017",71
1127,The No. 1 Ladies' Detective Agency: Season 1,"March 29, 2009",71
1128,Ordeal By Innocence: Season 1,"April 1, 2018",71
1129,Ray Donovan: Season 3,"July 12, 2015",71
1130,Designated Survivor: Season 1,"September 21, 2016",71
1131,Get Shorty: Season 1,"August 13, 2017",71
1132,Manhunt (2017): Season 1,"August 1, 2017",71
1133,Mr. Mercedes: Season 1,"August 9, 2017",71
1134,Portlandia: Season 1,"January 21, 2011",71
1135,America in Color: Season 1,"July 2, 2017",71
1136,Devs: Season 1,"March 5, 2020",71
1137,The Starter Wife: Season 1,"May 31, 2007",71
1138,Murphy Brown: Season 1,"November 14, 1988",71
1139,Women of the Movement: Season 1,"January 6, 2022",71
1140,Important Things with Demetri Martin: Season 1,"February 11, 2009",71
1141,Hustle: Season 1,"January 14, 2006",71
1142,The House: Season 1,"January 14, 2022",71
1143,The Grinder: Season 1,"September 29, 2015",71
1144,"Murder, She Wrote: Season 1","September 30, 1984",71
1145,Gotham: Season 1,"September 22, 2014",71
1146,Human Target: Season 2,"November 17, 2010",71
1147,The White Princess: Season 1,"April 16, 2017",71
1148,Downward Dog: Season 1,"May 17, 2017",71
1149,Caprica: Season 1,"January 22, 2010",71
1150,Marvel's M.O.D.O.K.: Season 1,"May 21, 2021",71
1151,Shrill: Season 2,"January 24, 2020",71
1152,American Horror Story: Season 3,"October 9, 2013",71
1153,grown-ish: Season 1,"January 3, 2018",71
1154,Saved by the Bell (2020): Season 1,"November 25, 2020",71
1155,The Great British Baking Show: Season 9,"September 25, 2020",71
1156,The Comeback: Season 2,"November 9, 2014",71
1157,Wallander: Season 1,"November 30, 2008",71
1158,Our Flag Means Death: Season 1,"March 3, 2022",71
1159,Stanley Tucci: Searching for Italy: Season 1,"February 14, 2021",71
1160,Looney Tunes Cartoons: Season 1,"May 27, 2020",71
1161,Colin in Black & White: Season 1,"October 29, 2021",71
1162,Son of the Beach: Season 1,"March 14, 2000",71
1163,The Sinner: Season 1,"August 2, 2017",71
1164,Don't Trust the B---- in Apartment 23: Season 1,"April 11, 2012",71
1165,Running with Beto,"May 28, 2019",71
1166,Faking It (2014): Season 1,"April 22, 2014",71
1167,Vikings: Season 1,"March 3, 2013",71
1168,"You, Me and the Apocalypse: Season 1","September 30, 2015",71
1169,Vinyl: Season 1,"February 14, 2016",71
1170,Looking: The Movie,"July 23, 2016",71
1171,Maron: Season 1,"May 3, 2013",71
1172,Review: Season 1,"March 6, 2014",71
1173,Suburgatory: Season 1,"September 28, 2011",71
1174,Nightmares & Dreamscapes: From the Stories of Stephen King: Season 1,"July 12, 2006",71
1175,Finding Carter: Season 1,"July 8, 2014",71
1176,jeen-yuhs: A Kanye Trilogy: Season 1,"February 16, 2022",71
1177,Sanditon: Season 1,"August 25, 2019",71
1178,Big Love: Season 2,"June 11, 2007",71
1179,"Live in Front of a Studio Audience: Norman Lear's ""All in the Family"" and ""The Jeffersons""","May 22, 2019",71
1180,The End of the F***ing World: Season 2,"November 4, 2019",71
1181,The Paradise: Season 1,"September 25, 2012",71
1182,Sarah Cooper: Everything's Fine,"October 27, 2020",71
1183,Legit: Season 1,"January 17, 2013",71
1184,Ted Lasso: Season 1,"August 14, 2020",71
1185,Katy Keene: Season 1,"February 6, 2020",71
1186,The Adam Carolla Project: Season 8,"June 30, 2013",71
1187,Brooklyn Nine-Nine: Season 1,"September 17, 2013",70
1188,Huge: Season 1,"June 28, 2010",70
1189,Californication: Season 1,"August 13, 2007",70
1190,Living with Yourself: Season 1,"October 18, 2019",70
1191,Bridgerton: Season 2,"March 25, 2022",70
1192,The White Queen: Season 1,"June 16, 2013",70
1193,Torchwood (UK): Season 4,"July 8, 2011",70
1194,Catch-22 (2019): Season 1,"May 17, 2019",70
1195,Generation Cryo: Season 1,"November 25, 2013",70
1196,Marvel's Jessica Jones: Season 2,"March 8, 2018",70
1197,Entourage: Season 5,"September 7, 2008",70
1198,Hunted: Season 1,"October 4, 2012",70
1199,Tracey Ullman's State of the Union: Season 1,"March 30, 2008",70
1200,mixed-ish: Season 1,"September 24, 2019",70
1201,Penny Dreadful: Season 1,"May 11, 2014",70
1202,Bless the Harts: Season 1,"September 29, 2019",70
1203,Gangs of London: Season 1,"April 23, 2020",70
1204,Falling Skies: Season 1,"June 19, 2011",70
1205,Ashes to Ashes: Season 1,"March 7, 2009",70
1206,The X Factor: Season 1,"September 21, 2011",70
1207,The Boys Presents: Diabolical: Season 1,"March 4, 2022",70
1208,Outcast: Season 1,"June 3, 2016",70
1209,Mrs. Wilson,"March 31, 2019",70
1210,The L.A. Complex: Season 1,"January 10, 2012",70
1211,The Chronicle: Season 1,"July 14, 2001",70
1212,Das Boot (2019),"June 17, 2019",70
1213,Blue Bloods: Season 1,"September 24, 2010",70
1214,My Next Guest Needs No Introduction With David Letterman: Season 1,"January 12, 2018",70
1215,Red Oaks: Season 1,"October 9, 2015",70
1216,24: Live Another Day: Season 9,"May 5, 2014",70
1217,Cobra Kai: Season 4,"December 31, 2021",70
1218,Belgravia: Season 1,"April 12, 2020",70
1219,The Innocents (2018): Season 1,"August 24, 2018",70
1220,Saints & Strangers,"November 22, 2015",70
1221,Grantchester: Season 1,"October 6, 2014",70
1222,High School Confidential: Season 1,"March 10, 2008",70
1223,Addiction,"March 15, 2007",70
1224,It's Always Sunny in Philadelphia: Season 2,"June 29, 2006",70
1225,Doctor Who: Season 1,"March 26, 2005",70
1226,Project Runway: Season 1,"December 1, 2004",70
1227,In Treatment: Season 1,"January 28, 2008",70
1228,Scenes From A Marriage: Season 1,"September 12, 2021",70
1229,Succession: Season 1,"June 3, 2018",70
1230,Peacemaker: Season 1,"January 13, 2022",70
1231,Oz: Season 1,"July 12, 1997",70
1232,Life & Beth: Season 1,"March 18, 2022",70
1233,The X-Files: Season 1,"September 10, 1993",70
1234,The Path: Season 1,"March 30, 2016",70
1235,NewsRadio: Season 1,"March 21, 1995",70
1236,Dirty Sexy Money: Season 2,"October 1, 2008",70
1237,Vikings: Valhalla: Season 1,"February 25, 2022",70
1238,Future Man: Season 1,"November 14, 2017",70
1239,The Third Day: Season 1,"September 14, 2020",70
1240,Lodge 49: Season 1,"August 6, 2018",70
1241,Resident Alien: Season 1,"January 27, 2021",70
1242,Doom Patrol: Season 1,"February 15, 2019",70
1243,Orphan Black: Season 3,"April 18, 2015",70
1244,Mrs. Harris,"February 25, 2006",70
1245,This Is a Robbery: The World's Biggest Art Heist: Season 1,"April 7, 2021",70
1246,The Middle: Season 1,"September 30, 2009",70
1247,Robin Hood: Season 1,"March 3, 2007",70
1248,Pam & Tommy: Season 1,"February 2, 2022",70
1249,The Mandalorian: Season 1,"November 12, 2019",70
1250,Chucky: Season 1,"October 12, 2021",70
1251,Gentefied: Season 1,"February 21, 2020",70
1252,Tracey Ullman's Show: Season 1,"October 28, 2016",70
1253,The Chair (2014): Season 1,"September 6, 2014",70
1254,Karen Sisco: Season 1,"October 1, 2003",70
1255,"Push, Nevada: Season 1","September 17, 2002",70
1256,High Fidelity: Season 1,"February 14, 2020",70
1257,Quantico: Season 1,"September 27, 2015",70
1258,Hannibal: Season 1,"April 4, 2013",70
1259,Nip/Tuck: Season 1,"July 22, 2003",70
1260,Weeds: Season 1,"August 7, 2005",70
1261,The Real World: Season 3,"June 23, 1994",70
1262,All-American Muslim: Season 1,"November 13, 2011",70
1263,Industry: Season 1,"November 9, 2020",69
1264,Community: Season 4,"February 7, 2013",69
1265,Billions: Season 1,"January 17, 2016",69
1266,The Inventor: Out for Blood in Silicon Valley,"March 18, 2019",69
1267,Roseanne: Season 10,"October 18, 1988",69
1268,Trial by Media: Season 1,"May 11, 2020",69
1269,Marvel's What If...?: Season 1,"August 11, 2021",69
1270,Louie: Season 1,"June 29, 2010",69
1271,Colony: Season 1,"January 14, 2016",69
1272,Moon Knight: Season 1,"March 30, 2022",69
1273,The Killing: Season 3,"June 2, 2013",69
1274,The Musketeers: Season 1,"January 19, 2014",69
1275,Halt and Catch Fire: Season 1,"June 1, 2014",69
1276,Flying Blind: Season 1,"September 13, 1992",69
1277,The Fades: Season 1,"January 14, 2012",69
1278,Ziwe: Season 1,"May 9, 2021",69
1279,Drop Dead Diva: Season 1,"July 12, 2009",69
1280,Community: Season 1,"September 17, 2009",69
1281,What Would Diplo Do?: Season 1,"August 3, 2017",69
1282,His Dark Materials: Season 1,"November 3, 2019",69
1283,Star Trek: Picard: Season 2,"March 3, 2022",69
1284,Trollhunters: Season 1,"December 23, 2016",69
1285,Clear History,"August 10, 2013",69
1286,Rubicon: Season 1,"August 1, 2010",69
1287,Wolf Like Me: Season 1,"January 13, 2022",69
1288,Little Fires Everywhere: Season 1,"March 18, 2020",69
1289,The Spoils of Babylon: Season 1,"January 9, 2014",69
1290,Human Target: Season 1,"January 17, 2010",69
1291,O.G.,"February 23, 2019",69
1292,Public Morals: Season 1,"August 25, 2015",69
1293,The Mindy Project: Season 1,"September 25, 2012",69
1294,Taking on Tyson: Season 1,"March 6, 2011",69
1295,Southland: Season 1,"April 9, 2009",69
1296,Wanderlust (2018): Season 1,"October 19, 2018",69
1297,And the Band Played On: Season 1,"January 1, 1993",69
1298,Legendary: Season 1,"May 27, 2020",69
1299,Mildred Pierce: Season 1,"March 27, 2011",69
1300,Creature Comforts: Season 1,"June 4, 2007",69
1301,Paterno,"April 7, 2018",69
1302,The Fugitive: Season 1,"October 6, 2000",69
1303,The Fosters: Season 1,"June 3, 2013",69
1304,Boston Legal: Season 1,"October 3, 2004",69
1305,Cybill: Season 1,"January 2, 1995",69
1306,The Miniaturist,"September 9, 2018",69
1307,Orange is the New Black: Season 6,"July 27, 2018",69
1308,The Riches: Season 1,"March 12, 2007",69
1309,1883: Season 1,"December 19, 2021",69
1310,Squid Game: Season 1,"September 17, 2021",69
1311,The Jim Gaffigan Show: Season 1,"July 15, 2015",69
1312,Empire (2015): Season 1,"January 7, 2015",69
1313,American Horror Story: Season 4,"October 8, 2014",69
1314,Trying: Season 1,"May 1, 2020",69
1315,The Hot Zone: Season 1,"May 27, 2019",69
1316,Castle Rock (2018): Season 2,"October 23, 2019",69
1317,Life Unexpected: Season 1,"January 18, 2010",69
1318,Soul Food: Season 1,"July 5, 2000",69
1319,Girlfriends' Guide to Divorce: Season 1,"December 2, 2014",69
1320,How I Met Your Mother: Season 1,"September 19, 2005",69
1321,Emergence: Season 1,"September 24, 2019",69
1322,No Tomorrow: Season 1,"October 4, 2016",69
1323,A Wilderness of Error,"September 25, 2020",69
1324,Betas: Season 1,"April 19, 2013",69
1325,Amanda Knox: Murder on Trial in Italy: Season 1,"February 21, 2011",69
1326,Burn Notice: Season 1,"June 28, 2007",69
1327,The Detour: Season 1,"April 11, 2016",69
1328,Burden of Truth: Season 1,"January 10, 2018",69
1329,The Get Down: Season 1,"August 12, 2016",69
1330,Gossip Girl: Season 2,"September 1, 2008",69
1331,"Love, Victor: Season 1","June 17, 2020",69
1332,Pitch: Season 1,"September 22, 2016",69
1333,11.22.63: Season 1,"February 15, 2016",69
1334,Jim Henson's Creature Shop Challenge: Season 1,"March 25, 2014",69
1335,The Witcher: Season 2,"December 17, 2021",69
1336,The Nightly Show with Larry Wilmore: Season 1,"January 19, 2015",69
1337,CSI: Miami: Season 1,"September 23, 2002",69
1338,The Killing: Season 2,"April 1, 2012",68
1339,Patriot: Season 1,"November 3, 2015",68
1340,Dopesick,"October 13, 2021",68
1341,"Big Time in Hollywood, FL: Season 1","March 25, 2015",68
1342,La Femme Nikita: Season 1,"January 13, 1997",68
1343,Bette: Season 1,"October 11, 2000",68
1344,Leverage: Season 1,"December 7, 2008",68
1345,Becoming Us: Season 1,"June 8, 2015",68
1346,Reacher: Season 1,"February 4, 2022",68
1347,Entourage: Season 1,"July 18, 2004",68
1348,Fargo: Season 4,"September 27, 2020",68
1349,The Nine Lives of Chloe King: Season 1,"June 14, 2011",68
1350,The Outsider (2020): Season 1,"January 12, 2020",68
1351,Greenleaf: Season 1,"June 21, 2016",68
1352,Shadow and Bone: Season 1,"April 23, 2021",68
1353,George W. Bush: The 9/11 Interview,"August 28, 2011",68
1354,Kidnapped: Season 1,"September 20, 2006",68
1355,The 4400: Season 1,"July 11, 2004",68
1356,Homeland: Season 6,"January 15, 2017",68
1357,Big Love: Season 4,"January 10, 2010",68
1358,Sons of Anarchy: Season 1,"September 3, 2008",68
1359,Kidding: Season 1,"September 9, 2018",68
1360,Dave Chappelle: Deep in the Heart of Texas,"March 21, 2017",68
1361,Winning Time: The Rise of the Lakers Dynasty: Season 1,"March 6, 2022",68
1362,Hatfields & McCoys,"May 28, 2012",68
1363,The Tudors: Season 2,"March 30, 2008",68
1364,Felicity: An American Girl Adventure,"November 29, 2005",68
1365,Grand Army: Season 1,"October 16, 2020",68
1366,My Dinner with Herve,"October 20, 2018",68
1367,Made For Love: Season 1,"April 1, 2021",68
1368,Baskets: Season 1,"January 21, 2016",68
1369,American Dreams: Season 1,"September 29, 2002",68
1370,Ethel: Season 1,"October 18, 2012",68
1371,Law & Order: Special Victims Unit: Season 1,"September 20, 1999",68
1372,Another Period: Season 1,"June 23, 2015",68
1373,Grey's Anatomy: Season 5,"September 25, 2008",68
1374,Tales From the Loop: Season 1,"April 3, 2020",68
1375,Seven Seconds: Season 1,"February 23, 2018",68
1376,The Gilded Age: Season 1,"January 24, 2022",68
1377,Muppets Now: Season 1,"July 31, 2020",68
1378,I Just Want My Pants Back: Season 1,"August 28, 2011",68
1379,Perry Mason (2020): Season 1,"June 21, 2020",68
1380,How to Get Away With Murder: Season 1,"September 25, 2014",68
1381,Philip K. Dick's Electric Dreams: Season 1,"September 17, 2017",68
1382,I Know This Much Is True: Season 1,"May 10, 2020",68
1383,American Auto: Season 1,"December 13, 2021",68
1384,The Kominsky Method: Season 1,"November 16, 2018",68
1385,Flight of the Conchords: Season 1,"June 17, 2007",68
1386,Bent (2012): Season 1,"March 21, 2012",68
1387,A Very Murray Christmas,"December 4, 2015",68
1388,Odd Mom Out: Season 1,"June 9, 2015",68
1389,Alpha House: Season 1,"April 19, 2013",68
1390,Euphoria: Season 1,"June 16, 2019",68
1391,The State Within: Season 1,"January 29, 2007",68
1392,Work of Art: The Next Great Artist: Season 1,"June 9, 2010",68
1393,The Young Pope: Season 1,"January 15, 2017",68
1394,The Spy: Season 1,"September 6, 2019",68
1395,Pan Am: Season 1,"September 25, 2011",68
1396,Rome: Season 2,"January 14, 2007",68
1397,Fosse/Verdon: Season 1,"April 9, 2019",68
1398,Murder in the First: Season 1,"June 9, 2014",68
1399,King of the Hill: Season 1,"January 12, 1997",68
1400,Marvel's Cloak & Dagger: Season 1,"June 7, 2018",68
1401,Luther: Season 4,"December 17, 2015",68
1402,Reno 911!: Season 1,"July 23, 2003",68
1403,Warrior (2019): Season 1,"April 5, 2019",68
1404,DC's Stargirl: Season 1,"May 18, 2020",68
1405,Marvel's Daredevil: Season 2,"March 18, 2016",68
1406,Extant: Season 1,"July 9, 2014",68
1407,Family Ties: Season 1,"September 22, 1982",68
1408,Vegas: Season 1,"September 25, 2012",68
1409,Marvel's Runaways: Season 1,"November 21, 2017",68
1410,Moby Dick,"August 1, 2011",68
1411,Scott Turow's Innocent,"November 29, 2011",68
1412,The Riches: Season 2,"March 18, 2008",68
1413,Lost Girl: Season 1,"September 12, 2011",68
1414,The Handmaid's Tale: Season 3,"June 5, 2019",68
1415,Sons & Daughters: Season 1,"March 7, 2006",68
1416,Riverdale: Season 1,"January 26, 2017",68
1417,Nikita: Season 1,"September 9, 2010",67
1418,Special: Season 1,"April 12, 2019",67
1419,Nightingale: Season 1,"May 29, 2015",67
1420,That's Life: Season 1,"October 1, 2000",67
1421,Upload: Season 1,"May 1, 2020",67
1422,Fringe: Season 1,"September 9, 2008",67
1423,Virtuality,"June 26, 2009",67
1424,9-1-1: Lone Star: Season 1,"January 19, 2020",67
1425,Babylon: Season 1,"November 13, 2014",67
1426,Star Wars: The Bad Batch: Season 1,"May 4, 2021",67
1427,Loaded: Season 1,"May 8, 2017",67
1428,United States of Tara: Season 1,"January 18, 2009",67
1429,Vice: Season 1,"April 5, 2013",67
1430,Rutherford Falls: Season 1,"April 22, 2021",67
1431,The Returned (2015): Season 1,"March 9, 2015",67
1432,Pillars of the Earth: Season 1,"July 23, 2010",67
1433,The Hotwives of Orlando: Season 1,"July 15, 2014",67
1434,Beavis and Butt-head: Season 8,"July 18, 1997",67
1435,The Righteous Gemstones: Season 1,"August 18, 2019",67
1436,Wilfred: Season 1,"June 23, 2011",67
1437,Pivoting: Season 1,"January 9, 2022",67
1438,Great News: Season 1,"April 25, 2017",67
1439,The Flash: Season 1,"September 20, 1990",67
1440,I Am Cait: Season 1,"July 26, 2015",67
1441,The Late Late Show with James Corden: Season 1,"March 24, 2015",67
1442,Being Mary Jane (2014): Season 1,"January 7, 2014",67
1443,About A Boy: Season 1,"February 22, 2014",67
1444,Mary and Martha,"April 20, 2013",67
1445,Trust: Season 1,"March 25, 2018",67
1446,The Big C: Season 1,"August 16, 2010",67
1447,Bates Motel: Season 2,"March 3, 2014",67
1448,Finding Alice: Season 1,"September 13, 2021",67
1449,The Rosie Show : Season 1,"October 10, 2011",67
1450,30 Rock: Season 1,"October 11, 2006",67
1451,A Discovery of Witches: Season 1,"September 14, 2018",67
1452,Top Design: Season 1,"January 31, 2007",67
1453,Victoria (2016): Season 1,"January 15, 2017",67
1454,Alex Rider: Season 1,"November 13, 2020",67
1455,Arrested Development: Season 5,"May 29, 2018",67
1456,Comrade Detective: Season 1,"August 4, 2017",67
1457,The Sunset Limited,"February 12, 2011",67
1458,Weeds: Season 4,"June 16, 2008",67
1459,Too Big To Fail,"May 23, 2011",67
1460,I Am Not Okay With This: Season 1,"February 26, 2020",67
1461,Helix: Season 1,"January 10, 2014",67
1462,Mankind: The Story of All of Us: Season 1,"November 13, 2012",67
1463,The Bridge (2013): Season 2,"July 9, 2014",67
1464,Desperate Housewives: Season 3,"September 24, 2006",67
1465,Method to the Madness of Jerry Lewis,"December 17, 2011",67
1466,The IT Crowd (UK): Season 1,"February 3, 2006",67
1467,24: Season 8,"January 17, 2010",67
1468,Casanova: Season 1,"March 13, 2005",67
1469,The Company: Season 1,"August 5, 2007",67
1470,Ben & Kate: Season 1,"September 25, 2012",67
1471,The X-Files: Season 11,"January 3, 2018",67
1472,Longmire: Season 1,"June 3, 2012",67
1473,The O.C.: Season 1,"August 5, 2003",67
1474,Single Parents: Season 1,"September 26, 2018",67
1475,State of Mind: Season 1,"July 15, 2007",67
1476,Dead to Me: Season 1,"May 3, 2019",67
1477,Unsolved: The Murders of Tupac and The Notorious B.I.G.: Season 1,"February 27, 2018",67
1478,Wet Hot American Summer: Ten Years Later: Season 1,"August 4, 2017",67
1479,Taboo: Season 1,"January 7, 2017",67
1480,The OA: Season 2,"March 22, 2019",67
1481,Trial & Error: Season 1,"March 14, 2017",67
1482,Copper : Season 1,"August 19, 2012",67
1483,A Teacher: Season 1,"November 10, 2020",67
1484,Making a Murderer: Season 2,"October 19, 2018",67
1485,Two and a Half Men: Season 1,"September 22, 2003",67
1486,When We Rise: Season 1,"February 27, 2017",67
1487,The Event : Season 1,"September 20, 2010",67
1488,The Tonight Show with Conan O'Brien: Season 1,"June 1, 2009",67
1489,Orange is the New Black: Season 5,"June 9, 2017",67
1490,7 Days in Hell,"July 11, 2015",67
1491,Summer Heights High: Season 1,"September 5, 2007",67
1492,Heroes: Season 1,"September 25, 2006",67
1493,The Umbrella Academy: Season 2,"July 31, 2020",67
1494,The Wizard of Lies,"May 21, 2017",67
1495,Better Off Ted: Season 1,"March 18, 2009",66
1496,The Marshal: Season 1,"January 31, 1995",66
1497,Modern Love: Season 1,"October 18, 2019",66
1498,Cold Case: Season 1,"September 28, 2003",66
1499,Zoey's Extraordinary Playlist: Season 1,"January 7, 2020",66
1500,Man Seeking Woman: Season 1,"January 14, 2015",66
1501,V: Season 1,"November 3, 2009",66
1502,Inside Amy Schumer: Season 1,"April 30, 2013",66
1503,Santa Clarita Diet: Season 1,"February 3, 2017",66
1504,Dispatches from Elsewhere: Season 1,"March 1, 2020",66
1505,The Girl: Season 1,"October 20, 2012",66
1506,The Case Against Adnan Syed: Season 1,"March 10, 2019",66
1507,Hairspray Live!,"December 7, 2016",66
1508,Kitchen Nightmares: Season 1,"September 19, 2007",66
1509,Hawaii Five-0: Season 1,"September 20, 2010",66
1510,Madam Secretary: Season 1,"September 21, 2014",66
1511,Easy Money: Season 1,"October 5, 2008",66
1512,Ozark: Season 1,"July 21, 2017",66
1513,The Borgias: Season 1,"April 3, 2011",66
1514,Go On: Season 1,"August 8, 2012",66
1515,Fyre Fraud,"January 14, 2019",66
1516,Dickinson: Season 1,"November 1, 2019",66
1517,Citizen U.S.A.: A 50 State Road Trip,"July 4, 2011",66
1518,Just Shoot Me: Season 1,"March 4, 1997",66
1519,Dietland: Season 1,"June 4, 2018",66
1520,Party Down: Season 1,"March 20, 2009",66
1521,Vanity Fair (2018),"December 21, 2018",66
1522,Tom Clancy's Jack Ryan: Season 1,"August 31, 2018",66
1523,Star Trek: Voyager: Season 1,"January 16, 1995",66
1524,Housebroken: Season 1,"May 31, 2021",66
1525,Awkwafina Is Nora From Queens: Season 1,"January 22, 2020",66
1526,A to Z: Season 1,"October 2, 2014",66
1527,Genius (2017): Season 3,"March 21, 2021",66
1528,Recount,"May 25, 2008",66
1529,The Society: Season 1,"May 10, 2019",66
1530,Da Ali G Show (US): Season 2,"February 22, 2003",66
1531,2 Broke Girls: Season 1,"September 19, 2011",66
1532,Teachers (2016): Season 1,"January 13, 2016",66
1533,Young Rock: Season 1,"February 16, 2021",66
1534,Shots Fired: Season 1,"March 22, 2017",66
1535,Shameless (US): Season 1,"January 9, 2011",66
1536,Revenge: Season 1,"September 21, 2011",66
1537,Castle Rock (2018): Season 1,"July 25, 2018",66
1538,The Red Road: Season 1,"February 27, 2014",66
1539,Fear the Walking Dead: Season 1,"August 23, 2015",66
1540,Bates Motel: Season 1,"March 18, 2013",66
1541,Canterbury's Law: Season 1,"March 10, 2008",66
1542,New Girl: Season 1,"September 20, 2011",66
1543,Briarpatch: Season 1,"February 6, 2020",66
1544,Black Mirror: Season 5,"June 5, 2019",66
1545,Hawkeye (2021): Season 1,"November 24, 2021",66
1546,Zach Stone Is Gonna Be Famous: Season 1,"May 2, 2013",66
1547,Once Upon a Time: Season 1,"October 23, 2011",66
1548,Hung: Season 1,"June 28, 2009",66
1549,The Newsroom: Season 2,"July 14, 2013",66
1550,Twisted: Season 1,"March 19, 2013",66
1551,Person of Interest: Season 1,"September 22, 2011",66
1552,The Swamp,"August 4, 2020",66
1553,The Mysterious Benedict Society: Season 1,"June 25, 2021",66
1554,Atypical: Season 1,"August 11, 2017",66
1555,American Horror Story: Season 7,"September 5, 2017",66
1556,The Politician: Season 1,"September 27, 2019",66
1557,Good Omens: Season 1,"May 31, 2019",66
1558,Mary Kills People: Season 1,"January 25, 2017",66
1559,Dirty Sexy Money: Season 1,"September 26, 2007",66
1560,Twenty Twelve: Season 1,"March 14, 2011",66
1561,Skins: Season 1,"January 25, 2007",66
1562,Black Narcissus,"November 23, 2020",66
1563,Wayward Pines: Season 1,"May 14, 2015",66
1564,Mistresses (UK): Season 1,"January 8, 2008",66
1565,Chocolate News: Season 1,"October 15, 2008",66
1566,Death Comes to Pemberley: Season 1,"December 26, 2013",66
1567,Cobra Kai: Season 2,"April 24, 2019",66
1568,Class: Season 1,"April 15, 2017",66
1569,The Strain: Season 2,"July 12, 2015",66
1570,Nurse Jackie: Season 5,"April 14, 2013",66
1571,The Eddy: Season 1,"May 8, 2020",66
1572,10 Things I Hate About You: Season 1,"July 7, 2009",66
1573,Condor: Season 1,"June 6, 2018",66
1574,Platinum: Season 1,"April 14, 2003",66
1575,Star Trek: Enterprise: Season 1,"September 26, 2001",66
1576,Sons of Liberty: Season 1,"January 25, 2015",65
1577,Friends: The Reunion,"May 27, 2021",65
1578,The Red Line: Season 1,"April 28, 2019",65
1579,Kung Fu (2021): Season 1,"April 7, 2021",65
1580,The Expanse: Season 1,"December 14, 2015",65
1581,Carnivale: Season 1,"September 14, 2003",65
1582,Tyrant: Season 2,"June 16, 2015",65
1583,Animal Kingdom: Season 1,"June 14, 2016",65
1584,Making the Cut: Season 1,"March 27, 2020",65
1585,Marvel's Jessica Jones: Season 3,"June 14, 2019",65
1586,"Sabrina, the Teenage Witch: Season 1","September 27, 1996",65
1587,Mom: Season 1,"September 23, 2013",65
1588,Criminal: UK: Season 1,"September 20, 2019",65
1589,The Defenders: Season 1,"September 22, 2010",65
1590,The Investigation: Season 1,"February 1, 2021",65
1591,The Unicorn: Season 1,"September 26, 2019",65
1592,Muhammad Ali's Greatest Fight,"October 5, 2013",65
1593,Enlisted: Season 1,"January 10, 2014",65
1594,The Marvelous Mrs. Maisel: Season 4,"February 18, 2022",65
1595,"Upstairs, Downstairs: Season 2","February 19, 2012",65
1596,The River: Season 1,"February 7, 2012",65
1597,Blindspot: Season 1,"September 21, 2015",65
1598,The Last O.G.: Season 1,"April 3, 2018",65
1599,Ballers (2015): Season 1,"June 21, 2015",65
